--
-- PostgreSQL database dump
--

-- Dumped from database version 12.12 (Ubuntu 12.12-0ubuntu0.20.04.1)
-- Dumped by pg_dump version 12.12 (Ubuntu 12.12-0ubuntu0.20.04.1)

SET statement_timeout = 0;
SET lock_timeout = 0;
SET idle_in_transaction_session_timeout = 0;
SET client_encoding = 'UTF8';
SET standard_conforming_strings = on;
SELECT pg_catalog.set_config('search_path', '', false);
SET check_function_bodies = false;
SET xmloption = content;
SET client_min_messages = warning;
SET row_security = off;

SET default_tablespace = '';

SET default_table_access_method = heap;

--
-- Name: _prisma_migrations; Type: TABLE; Schema: public; Owner: postgres
--

CREATE TABLE public._prisma_migrations (
    id character varying(36) NOT NULL,
    checksum character varying(64) NOT NULL,
    finished_at timestamp with time zone,
    migration_name character varying(255) NOT NULL,
    logs text,
    rolled_back_at timestamp with time zone,
    started_at timestamp with time zone DEFAULT now() NOT NULL,
    applied_steps_count integer DEFAULT 0 NOT NULL
);


ALTER TABLE public._prisma_migrations OWNER TO postgres;

--
-- Name: categories; Type: TABLE; Schema: public; Owner: postgres
--

CREATE TABLE public.categories (
    id integer NOT NULL,
    name text NOT NULL
);


ALTER TABLE public.categories OWNER TO postgres;

--
-- Name: categories_id_seq; Type: SEQUENCE; Schema: public; Owner: postgres
--

CREATE SEQUENCE public.categories_id_seq
    AS integer
    START WITH 1
    INCREMENT BY 1
    NO MINVALUE
    NO MAXVALUE
    CACHE 1;


ALTER TABLE public.categories_id_seq OWNER TO postgres;

--
-- Name: categories_id_seq; Type: SEQUENCE OWNED BY; Schema: public; Owner: postgres
--

ALTER SEQUENCE public.categories_id_seq OWNED BY public.categories.id;


--
-- Name: disciplines; Type: TABLE; Schema: public; Owner: postgres
--

CREATE TABLE public.disciplines (
    id integer NOT NULL,
    name text NOT NULL,
    "termId" integer NOT NULL
);


ALTER TABLE public.disciplines OWNER TO postgres;

--
-- Name: disciplines_id_seq; Type: SEQUENCE; Schema: public; Owner: postgres
--

CREATE SEQUENCE public.disciplines_id_seq
    AS integer
    START WITH 1
    INCREMENT BY 1
    NO MINVALUE
    NO MAXVALUE
    CACHE 1;


ALTER TABLE public.disciplines_id_seq OWNER TO postgres;

--
-- Name: disciplines_id_seq; Type: SEQUENCE OWNED BY; Schema: public; Owner: postgres
--

ALTER SEQUENCE public.disciplines_id_seq OWNED BY public.disciplines.id;


--
-- Name: teachers; Type: TABLE; Schema: public; Owner: postgres
--

CREATE TABLE public.teachers (
    id integer NOT NULL,
    name text NOT NULL
);


ALTER TABLE public.teachers OWNER TO postgres;

--
-- Name: teachersDisciplines; Type: TABLE; Schema: public; Owner: postgres
--

CREATE TABLE public."teachersDisciplines" (
    id integer NOT NULL,
    "disciplineId" integer NOT NULL,
    "teacherId" integer NOT NULL
);


ALTER TABLE public."teachersDisciplines" OWNER TO postgres;

--
-- Name: teachersDisciplines_id_seq; Type: SEQUENCE; Schema: public; Owner: postgres
--

CREATE SEQUENCE public."teachersDisciplines_id_seq"
    AS integer
    START WITH 1
    INCREMENT BY 1
    NO MINVALUE
    NO MAXVALUE
    CACHE 1;


ALTER TABLE public."teachersDisciplines_id_seq" OWNER TO postgres;

--
-- Name: teachersDisciplines_id_seq; Type: SEQUENCE OWNED BY; Schema: public; Owner: postgres
--

ALTER SEQUENCE public."teachersDisciplines_id_seq" OWNED BY public."teachersDisciplines".id;


--
-- Name: teachers_id_seq; Type: SEQUENCE; Schema: public; Owner: postgres
--

CREATE SEQUENCE public.teachers_id_seq
    AS integer
    START WITH 1
    INCREMENT BY 1
    NO MINVALUE
    NO MAXVALUE
    CACHE 1;


ALTER TABLE public.teachers_id_seq OWNER TO postgres;

--
-- Name: teachers_id_seq; Type: SEQUENCE OWNED BY; Schema: public; Owner: postgres
--

ALTER SEQUENCE public.teachers_id_seq OWNED BY public.teachers.id;


--
-- Name: terms; Type: TABLE; Schema: public; Owner: postgres
--

CREATE TABLE public.terms (
    id integer NOT NULL,
    number integer NOT NULL
);


ALTER TABLE public.terms OWNER TO postgres;

--
-- Name: terms_id_seq; Type: SEQUENCE; Schema: public; Owner: postgres
--

CREATE SEQUENCE public.terms_id_seq
    AS integer
    START WITH 1
    INCREMENT BY 1
    NO MINVALUE
    NO MAXVALUE
    CACHE 1;


ALTER TABLE public.terms_id_seq OWNER TO postgres;

--
-- Name: terms_id_seq; Type: SEQUENCE OWNED BY; Schema: public; Owner: postgres
--

ALTER SEQUENCE public.terms_id_seq OWNED BY public.terms.id;


--
-- Name: tests; Type: TABLE; Schema: public; Owner: postgres
--

CREATE TABLE public.tests (
    id integer NOT NULL,
    name text NOT NULL,
    "pdfUrl" text NOT NULL,
    "categoryId" integer NOT NULL,
    "teacherDisciplineId" integer NOT NULL
);


ALTER TABLE public.tests OWNER TO postgres;

--
-- Name: tests_id_seq; Type: SEQUENCE; Schema: public; Owner: postgres
--

CREATE SEQUENCE public.tests_id_seq
    AS integer
    START WITH 1
    INCREMENT BY 1
    NO MINVALUE
    NO MAXVALUE
    CACHE 1;


ALTER TABLE public.tests_id_seq OWNER TO postgres;

--
-- Name: tests_id_seq; Type: SEQUENCE OWNED BY; Schema: public; Owner: postgres
--

ALTER SEQUENCE public.tests_id_seq OWNED BY public.tests.id;


--
-- Name: users; Type: TABLE; Schema: public; Owner: postgres
--

CREATE TABLE public.users (
    id integer NOT NULL,
    email text NOT NULL,
    password text NOT NULL,
    "createdAt" timestamp(3) without time zone DEFAULT CURRENT_TIMESTAMP NOT NULL
);


ALTER TABLE public.users OWNER TO postgres;

--
-- Name: users_id_seq; Type: SEQUENCE; Schema: public; Owner: postgres
--

CREATE SEQUENCE public.users_id_seq
    AS integer
    START WITH 1
    INCREMENT BY 1
    NO MINVALUE
    NO MAXVALUE
    CACHE 1;


ALTER TABLE public.users_id_seq OWNER TO postgres;

--
-- Name: users_id_seq; Type: SEQUENCE OWNED BY; Schema: public; Owner: postgres
--

ALTER SEQUENCE public.users_id_seq OWNED BY public.users.id;


--
-- Name: categories id; Type: DEFAULT; Schema: public; Owner: postgres
--

ALTER TABLE ONLY public.categories ALTER COLUMN id SET DEFAULT nextval('public.categories_id_seq'::regclass);


--
-- Name: disciplines id; Type: DEFAULT; Schema: public; Owner: postgres
--

ALTER TABLE ONLY public.disciplines ALTER COLUMN id SET DEFAULT nextval('public.disciplines_id_seq'::regclass);


--
-- Name: teachers id; Type: DEFAULT; Schema: public; Owner: postgres
--

ALTER TABLE ONLY public.teachers ALTER COLUMN id SET DEFAULT nextval('public.teachers_id_seq'::regclass);


--
-- Name: teachersDisciplines id; Type: DEFAULT; Schema: public; Owner: postgres
--

ALTER TABLE ONLY public."teachersDisciplines" ALTER COLUMN id SET DEFAULT nextval('public."teachersDisciplines_id_seq"'::regclass);


--
-- Name: terms id; Type: DEFAULT; Schema: public; Owner: postgres
--

ALTER TABLE ONLY public.terms ALTER COLUMN id SET DEFAULT nextval('public.terms_id_seq'::regclass);


--
-- Name: tests id; Type: DEFAULT; Schema: public; Owner: postgres
--

ALTER TABLE ONLY public.tests ALTER COLUMN id SET DEFAULT nextval('public.tests_id_seq'::regclass);


--
-- Name: users id; Type: DEFAULT; Schema: public; Owner: postgres
--

ALTER TABLE ONLY public.users ALTER COLUMN id SET DEFAULT nextval('public.users_id_seq'::regclass);


--
-- Data for Name: _prisma_migrations; Type: TABLE DATA; Schema: public; Owner: postgres
--

COPY public._prisma_migrations (id, checksum, finished_at, migration_name, logs, rolled_back_at, started_at, applied_steps_count) FROM stdin;
2d64ad57-3b24-4a1d-9267-2b48c7a2f805	fa96ae23e5d935d7a37aa4675b1dc9c19284c6c0cef6ab924003fe13ef162854	2022-09-15 11:09:19.385693-03	20220913202229_create_table_users	\N	\N	2022-09-15 11:09:19.365179-03	1
61515555-2617-40a5-8c9f-f09edc055bb8	0c4295639e697844618484e6f801ed3da2353414994c36546fa68555a048f644	2022-09-15 11:09:19.398907-03	20220913202349_create_table_categories	\N	\N	2022-09-15 11:09:19.38867-03	1
d0d7ca09-4bb4-4371-b583-d7fd393c6ae9	7db236727b3a1f85e8d8cf1fbb2608205f9056b55e1c92bc854e3c00cd66b47c	2022-09-15 11:09:19.416062-03	20220913202459_create_table_teachers	\N	\N	2022-09-15 11:09:19.401328-03	1
0cad2ab1-81e5-434f-bacb-e5d29e7b71ba	c1eb0d85d83c0306f589bdf8cfd1c0f9ee899564fa8d4c2e7d43caac0e57e50b	2022-09-15 11:09:19.433753-03	20220913202827_create_table_disciplines	\N	\N	2022-09-15 11:09:19.419216-03	1
4260f126-2ad3-432a-a670-3afd033b0734	ba101621cb62b67c212c82ba0b23362b9d09afbbfcb7baa0b77f6da258da56f1	2022-09-15 11:09:19.457075-03	20220913203151_create_table_teachers_disciplines	\N	\N	2022-09-15 11:09:19.43617-03	1
5060eda4-cf93-4f41-9f7a-57021f60328f	7c89aac2e1bded210c4f56bd1c49479642119ee101821016e1d14cf5388ba94e	2022-09-15 11:09:19.476422-03	20220913203548_create_table_tests	\N	\N	2022-09-15 11:09:19.458607-03	1
eff3a4e2-fada-4f4e-a05b-4f0b490b8016	7b433c2d28a6c1c91be2ba78f303e1804bfd1c13e126d7ae80a0772b2840ffc3	2022-09-15 11:09:19.494765-03	20220913203848_fix_name_teachers_discipline	\N	\N	2022-09-15 11:09:19.477594-03	1
2d93a458-b2db-4d7c-a436-e8780276e8e2	ae34137a8da18c18cb7dcf16fe36d4048541f12480ce29d584dfefac6bfd98cf	2022-09-15 11:14:54.852121-03	20220915141454_fix_table_teachers_disciplines	\N	\N	2022-09-15 11:14:54.843807-03	1
\.


--
-- Data for Name: categories; Type: TABLE DATA; Schema: public; Owner: postgres
--

COPY public.categories (id, name) FROM stdin;
4	Projeto
5	Prática
6	Recuperação
\.


--
-- Data for Name: disciplines; Type: TABLE DATA; Schema: public; Owner: postgres
--

COPY public.disciplines (id, name, "termId") FROM stdin;
7	HTML e CSS	7
8	JavaScript	8
9	React	9
10	Humildade	7
11	Planejamento	8
12	Autoconfiança	9
\.


--
-- Data for Name: teachers; Type: TABLE DATA; Schema: public; Owner: postgres
--

COPY public.teachers (id, name) FROM stdin;
3	Diego Pinho
4	Bruna Hamori
\.


--
-- Data for Name: teachersDisciplines; Type: TABLE DATA; Schema: public; Owner: postgres
--

COPY public."teachersDisciplines" (id, "disciplineId", "teacherId") FROM stdin;
1	7	3
2	8	3
3	9	3
4	10	4
5	11	4
6	12	4
\.


--
-- Data for Name: terms; Type: TABLE DATA; Schema: public; Owner: postgres
--

COPY public.terms (id, number) FROM stdin;
7	1
8	2
9	3
10	4
11	5
12	6
\.


--
-- Data for Name: tests; Type: TABLE DATA; Schema: public; Owner: postgres
--

COPY public.tests (id, name, "pdfUrl", "categoryId", "teacherDisciplineId") FROM stdin;
1	globo.com	data:image/jpeg;base64,/9j/4AAQSkZJRgABAQAAAQABAAD/2wCEAAoHCBQREREREBQREBAREBAQEBAREBAQDhAQFxMYGBcXFxcaICwjGhwoHRcXJDUkKC0vMjIyGSI4PTgwPCwxMi8BCwsLDw4PGRERHDEoICgxMTExMTExMTExMTExMTExMTExMTExMTExMTExMTExMTExMTExMTExMTExMTExMTExMf/AABEIAOEA4QMBIgACEQEDEQH/xAAbAAABBQEBAAAAAAAAAAAAAAAAAgMEBQYBB//EAEcQAAIBAgEHCAYIAwUJAAAAAAABAgMRBAUGEiExQVETUmFxgZGx0SIycpKhwUJigqKywuHwBxRDFSMk0vEWMzRjg5Ojs+L/xAAbAQABBQEBAAAAAAAAAAAAAAAAAQIDBAUGB//EAD0RAAIBAgMCCQsDAwUBAAAAAAABAgMRBAUSMdETIUFRcZGhscEGFBUiJDJCUmGB4VNy8GKSsjM0Q6LSI//aAAwDAQACEQMRAD8A9mAAAAAAAAAAAAATKSSu3ZLa3qRV4rLEVqpLTfOeqC8x0YSlsQFq2RKuUYR36T4R1/HYUVXEzqevJtc3ZHuOwiTqgltYFlLKjfqxS6W7saeLm9smuqyI8EOxiO0xWxCWZ3Sk9spPrbFKIqKFIS4WExiLi2tja7TqQtIS4WCNaS+k+3WORxUt6T+DGrHdERpPkDjJUcTF7brr2Dyd9msr9EItx2Owx01yAWQEWnied3okRknrWtEbTQooAAQAAAAAAAAAAAAAAAAAAAAAIePx8KKvJ3k/VgvWl5LpIeWMsRo+hC0qrWz6MFxl5GYdSU5Oc25Sett7SxSoalqls7wJ+Kx06z9J2hupr1e3ixMEMwQ/EsuyVkCQ9BD0UNRHokbYth2KHENwHIjGxRcULSERHEMEFo6kJQoBDqQWOI6AHbHLHbgACXEIScda/RimjjQCEmlWUtWx8PIeK1ok0K9/Rlt3PiRyhyoLkkAAYKAAAAAAAAAAAABS5dyusPHQhZ1ZLVvUI85/JErK+UY4em5vXJ6oR50vJbWYGrWlUlKc3pSk7yb3ss4ejq9aWzvAeUnJuUm3Ju7b1tt72SKZFgSYMuSYqRKiPRI8WPwZCxw/Fj0CPFj0GMYWH4sdixiLFpjWLYfTFpjKYuMholh1MUhCZ1MQSwtHRKYpAJYDpwAA6dZwAASxMkOMSxUIP4evf0Zbdz4kkrJImYerpLXtW3p6SOcbcaBD4ABGAAAAACJySTbdkk229iS2sWZnPHKPJ0lRi/Tq65cVSXm9XUmPpwc5KKAz2WspPEVXP+nG8aceEePW9vctxCgxqCuyTGK6/gifHZjh8DGMZ3vyJcbtz8i7eMt4bCTr3cdi5WORY/GaW9d6GYvoj3I6pHP1PKdfBS65W7k+8vxytcsuz8kyNVL/AEb8BxYldPuteJAuduVJ+Uld+7Tiut+KJVltJbW+zcWP85H63dHzFLHx6e6PmVlwuQPygxj5I9T/APQ70fR5n1lqspx4PvR1ZVXN+8vIqLnLjHnuMfKv7R3mFDm7WXP9srmP3v0O/wBtrmfe/QpLnLiem8Z8y/tjuHeYUPl7XvL1ZdXMfvfod/2gjzPv/oZ9yG3IX0zjPmXUhyy7D/L2veaRZxw3wn70Razjpcyr91/MyspDcpD1nGL511DllmH+Xte82Czmo71VX2YP8wuOcmH3uouun5MxEpiJTJFnGK/p6vyL6Iw75H177m+WX8K/6qXXCqvyj8MrUHsrUu2aj+Kx5u5CHMnjnNbljF9a8WJLJKD2SkurcepxxNOXq1KcvZqQl4McZ5K6nULpY+rD1KlSHszkvBlinnPzU+p/gilkHy1OuP58D1ViIzcZJo86wudOJptXnysV9GotK/2vWXebnJuUIYmlGrT1J3UovbCa2xf71po08LjKeIuo7eZmZjMtrYWKlOzi+K68b2t3fUvYSTSa2MWQcFU1uD618ycSSjZ2M4AABoCZSsrvUlrb3JHl2V8c69epV3OVodFNao/DX1tm5zrxfJYWdnaVS1KP2vW+6pHm7Zo4KFoub6N4Eqg7Rm/Zj33f5RyMiMpWp9dS3dH/AOjkahxvlA9eOl9FFdl+9nVZZT9li+e/e0TlMUpESNQWpmE4lxwJWkFyOpndMTSN0j+kFxjTOxld2W0TSJpHtIcp0m+jxJGDwm9lvQoJbi5RwFSpx7EVauIjDiRU0sC3ub6yRHJkuCXYXlND8UaUMnh8VyhPGT5DPvI8nuXcMVciy4dxq1ENEm9D0uS/WMWOqowOKybUhr0W18SrnK2p6nst0nqEqae1FPlbIVOsn9Ce6aXit6IKmWSj7ruX8Pmkb2qr7rcYOVQblUDKWHnh5uFRWa1p7YyjxT3ogTrlPgmjoIQUknHYS5VRuVYhSrjMsQSqkWI0CdKsNSrkGVZjbkyVUieNFEuWINx/DjFuUcTTe6UKiXWnGXhE87Np/DWdq1dcaDfdUgXcElGvEz85pJ4GrbmT6mmeh6Vmmtqdy1hPSSa2NXKiZOyfO8XHmv4P9s36seK5540TAACAaYjPzE3qUqK2RhKpJdMnZfhfeZK5bZ019PGVnui4019mKT+NyoTNujHTSivp38YqF152px6Z1H92AzGocxsrQp/bfxS+RGjM4XN43xtV/VdyO4y2n7HT6PFk6NQcVQgRqDkahlOBadMmqod5QiKZ3TG6BnBkrlCywVO2t7fAqsJrlfcvEtadQ0svwXCS1PYUcZU4NWLehMmwqFPSqE2nM6eGGUUYFSq2WkJj8ZldTmSITJODSK7ZNjIcTI0JD0GN0DGxZySOnGxrgCZS5wZJjiaTg9U9bpztrjPyexryR5Fi4SpzlTkmpRk4uL3NPWe5VDzrP/JqUo4iK9Z6FT2kvRfcmuxGdi8Okta+502RYxxnwEtj2fR/nv6TFtnAAzjrgADthQOGr/h5K2LkudSmvwv5GV0TSZhu2Nh006q+438izhoSVWL+qKOZrVg6y/pfceoSF4CdqlucmvmNSYiEtGcHwkvE6JxvFo82aL8AApER5JlOelXry51arLvmyKPVdbb4tvvYy0dFayHoj5Sfo0uqX4n5EJSJWVHqpey/xyIOkcHma9sq9Pgjv8sj7HS6B6MxamR0zukZ+kuOJJVQ7pkTlRLrCaA4O5fYN2hfi2yXSmQsP6kfZQ/GR12W0FGkjlszn67LKlMmUqhU05kunUNR0zGLinMkwmVVKoS6dQjcBLFnCZIhMrYVB+NQicBrRO0zjmRlUFaYzQNsPORQ5zYblcNVjv0HKPXH0vkW+mRMZri1xVhsqSknHnLuGk4TjJcjTPGtA6oj9SFpPok18TiiZdPA856K5Daid0RzRO6JcjghNQ3ol9mXqxtP2aq/8UimsXeZ6tjKfVU/9ciaOFs7lPHO+Fq/tl/iz0mTGZsXJjU2W4o86RdfznV3gUnKgRebobwaMXUhZtcG0NyiT8dS0atWPNq1F3TaIrgaw1FRld25P2H+Jla6hPzh1cl7P52UzZw+ZR9rq9Pgj0XKo3wdL9qJDqiHVGQKelGlpQt1BOkzgDrDrGpwMr04P6q8CY42KzItW8Irg7fvssX04ajr8DZ0os4zNaLVRkOLJFOZGkhUJGnouYdiypTJdOoVVOoS6dQjlTFLSFQfhMrqdQfhMglTDSTozFqZEjUFqYxwG2JKmRMZUtFi+UKjLWJ0aU3v0Wl1vUhYU7svYSk5SSMHVV5N8W38TiiOMLFyOFSO4bEaIaIux2xLwCEuN2LjNX/i6fVL8EiqLbNhf4qn1S/BIZUo2g2VsY/Z6v7Zf4s9AlIanIVJjNSRRjE4BC9B/u4Fx/I9C+IEPDobriZLL1DRxNZcZafvJPxbK/kzS514e1WnU58HF9cX5SXcUKgXaE9VKL+n4I0ZjOaNuS9l/iKE0mdsbcl9rxXmZs5HMv8Ad1OldyPRsmd8DS6PFgAHbFJJvYaZwBSiKUSWNGUhLkzJFfQnZ7H4mxpz0oowsUaTJGO0lovatp0OV3jHg39jJzLDqpHUTa0BgmtpkecDfg7nNVMG+QRCViTTqEQVGVh7iiu6ElyFpCoPwmVlOqSI1CKUA4CXMWMagtVCDGoEsSkQuBNDCNkydayMxl3F6TUE+mXyJWOyhop8d3WUFSTk23tetlvD0PiZt4HC6HrY3YLCrAXtBrCQsKAXQhDhbZtL/Ex6FJ/ca+ZVFxmyv7+/CE/L5kVeNqcuhlXHO2Fq/tl3M2MpCaUdKpCPOnFfERKZKyLDTrxe6Cc34L4sw5erFy5kcKuK7NUAAY9iqVWcGH5Si2ttNqa6tj+DfcZFQPQZxTTT1ppprimYrF4Z06koP6LaXStz7rGjgqnE4DkzJZ3w9Cl7U/BeRllE22dNG9BS5s1foTTMgomdjcJrxEpc9u63gd/kNS+Bh9G12t+I0oClEdURSiOp4H6Gs5DSiKURxROqJep4L6DdQhRHKbcWmtTR1I7YvU8IlxjG7lrh8oXSUtpJWLXEo0haky7GkypLDRb4i4ddCOXKxVDvKEugZ5tHmLNYhCli7FVyhxzHcGmHm0S2eN6SPVxpA0mcHxoIfGhFC6k3J3YgALCVthNsAAABQAAAALrNlf3k3wg13yiUxe5uRspy46k/i/kQYn/SkUMzdsJU6LdbSL+cy/zao2hOo/py0Y+zH9W+4zKvKSjHXKTUYri27I3eEoKnTjTWyMUr8Xvfec7jZaYKPOcRUdkPgAGWVwKXL2FulUS1r0ZdW5/viXQicFJOL1pqzXQPpzcJKSFRhMVh1UjKEtklbpT3NdTSfYY7F5Fq027R047pQTaa6ba49p6DjsK6c3F7NsXxjuK+rE14qM7SRp4DM6uDvGKTi+Oz70+TtMByTWpxknwasGibWqr7dfXrIdWhF7Yw/wC3C/fYswjbkNqHlJTfv039mn32MtY7Y0EsNDmR+K8BmWFhzX2S80yxHoLEc/wj+Zfbc2U1jtizeFp82fvxf5RLw1P667YvyJotcz/n3JVnWDfxf9ZbivsBP/lIcZ90X8zv8pT51T3I/wCYlUo/xD1muDf/ACdktxXnSesHT58vdXmKWAhz37v6i8LD+J7hfSmD/UXbuK4CyWTYc9+7+opZMhz37v6i8PDn7HuD0pg/1F27irAt1kqHPn7q8zqyTT58/cS/MJ5xT5+x7hPSuD/U7JbinAvI5Kpb5VH2RXzY7HJtH/mP7cF+VjXiYfUjec4NfE+p7jPHTRLJ9FfRm+ucf8qHFhaK/px7XN/Mb53HmfZvIpZ7hF8z+y3ma0WdjTk9STb4JGojGK2Qpr/pwfxaYtVGtmpcI6l8Brxb5I9v4K8/KGn8NN/dpd1zPUcl1ZWvFxjzppqPe9vZdl/h6UaUVFa7a7vU3J7dX72HHMVhqUqs404K8puy+bfQlrIKlSU163Ev5tMvF5lVxSUWlGO2y8X+Osvs18JpzdWS9GHow6Z219y8Ua0jYLDRpU4047Iq197e9vrZJObxFXhajlycnQZE5ancAACEaAAAAQso4NVY6vWjri/kZWtTabTVmtTW9M25U5Xydyic4L00ta5y8y1hq+h6XsFTMjUiRpxLCrAizibMJCEKcRmSJU0MyRZiwIskNMfmhqSJkCY22c0jshtj0O1DimLjMj3OqYOIuolRmORqESMxakNcRdRMUxSqERTFqZHoE1EpTFKZGVQOUG6RNRK5QOUI2mcdQTQJckuoJdQjOocdQcoD0SHUNvmzknkYcpUVqs1se2EOHW9/YVmauQm9HEV1q20oPfwnJeC7eBszGzDFJ3pQ+78N4s5W4kAABlEQAAAAAAAAAAABT5WyXp3nTVp7ZR3T/Uy1anZtNWadmnqaZ6CVuUslwrK/qz3S3Pokt5dw+K0erPYBhZxGJos8fgp0paM4tcHtjLqZXTibUJJq6GsiyQ1ND9RDM0WIjL2I8xuQ9NDUiZBcabDSOyG2yRBqFqQpTGrhpBYLj6mKUyPpApiaQ1ErlA5Qi6YaYmgXUSnUDlCMpEnBYOpWmqdKEpye6O5cW9iXSxGkld7B0eMNI2ObObLejWxUemFF7+Epr8vfwLDN/NeGHtUq2qVtq306b+qntfS+w0xhY3MlK9Oj93u3kuq2wAADGGAAAAAAAAAAAAAAAAAAAADVajGcXGaUovamjN5SzZeuVB338nN6/sy8+81IEtKtOk/Ve4Dy7F4adOWjUjKEuElbu4kKSPWK9CFSOjUjGceEkmihxuadGd3SlKk+Hrw7nr+JrUczpviqK3at4xw5jz+YzI0+MzSxEb6ChVX1JaMu6VvEpMTkuvT9elVj0unLR79hqUq9KfuyXWMaaK+Q0xyaGpFxJoacbC4lnO1DlFsBWkGkScNk2vV/3dKtUvvjSm499rFzg8zMXU9aMKS41Jq/dG7IalelT9+SX3HaWZ647h6EqklCnGU5vZGEXKT7Eb7J+YlKFnXnOq+bFclT8W33o0+DwNKjHRpU4U1v0YpN9b2vtMyvnFGK/wDmtT6lvJFHnMRkfMmc7TxMuSjt5OLvUfW9kfibfAYCnQhoUYKEd9vWk+Mntb6yWBiYjF1cQ/XfFzLZ/OkcAABWAAAAAAAAAAAAAAAAAAAAAAAAAAAAAAAAAAAAAos4Nj6jzzKnrdoAb+V+6gewj4H1u7xPQM29va/AAJcy9wSOw1AABzYoAACgAAAgAAAAAAAAAAAAAAAAH//Z	4	1
3	instagram	data:image/jpeg;base64,/9j/4AAQSkZJRgABAQAAAQABAAD/2wCEAAoHCBQREREREBQREBAREBAQEBAREBAQDhAQFxMYGBcXFxcaICwjGhwoHRcXJDUkKC0vMjIyGSI4PTgwPCwxMi8BCwsLDw4PGRERHDEoICgxMTExMTExMTExMTExMTExMTExMTExMTExMTExMTExMTExMTExMTExMTExMTExMTExMf/AABEIAOEA4QMBIgACEQEDEQH/xAAbAAABBQEBAAAAAAAAAAAAAAAAAgMEBQYBB//EAEcQAAIBAgEHCAYIAwUJAAAAAAABAgMRBAUGEiExQVETUmFxgZGx0SIycpKhwUJigqKywuHwBxRDFSMk0vEWMzRjg5Ojs+L/xAAbAQABBQEBAAAAAAAAAAAAAAAAAQIDBAUGB//EAD0RAAIBAgMCCQsDAwUBAAAAAAABAgMRBAUSMdETIUFRcZGhscEGFBUiJDJCUmGB4VNy8GKSsjM0Q6LSI//aAAwDAQACEQMRAD8A9mAAAAAAAAAAAAATKSSu3ZLa3qRV4rLEVqpLTfOeqC8x0YSlsQFq2RKuUYR36T4R1/HYUVXEzqevJtc3ZHuOwiTqgltYFlLKjfqxS6W7saeLm9smuqyI8EOxiO0xWxCWZ3Sk9spPrbFKIqKFIS4WExiLi2tja7TqQtIS4WCNaS+k+3WORxUt6T+DGrHdERpPkDjJUcTF7brr2Dyd9msr9EItx2Owx01yAWQEWnied3okRknrWtEbTQooAAQAAAAAAAAAAAAAAAAAAAAAIePx8KKvJ3k/VgvWl5LpIeWMsRo+hC0qrWz6MFxl5GYdSU5Oc25Sett7SxSoalqls7wJ+Kx06z9J2hupr1e3ixMEMwQ/EsuyVkCQ9BD0UNRHokbYth2KHENwHIjGxRcULSERHEMEFo6kJQoBDqQWOI6AHbHLHbgACXEIScda/RimjjQCEmlWUtWx8PIeK1ok0K9/Rlt3PiRyhyoLkkAAYKAAAAAAAAAAAABS5dyusPHQhZ1ZLVvUI85/JErK+UY4em5vXJ6oR50vJbWYGrWlUlKc3pSk7yb3ss4ejq9aWzvAeUnJuUm3Ju7b1tt72SKZFgSYMuSYqRKiPRI8WPwZCxw/Fj0CPFj0GMYWH4sdixiLFpjWLYfTFpjKYuMholh1MUhCZ1MQSwtHRKYpAJYDpwAA6dZwAASxMkOMSxUIP4evf0Zbdz4kkrJImYerpLXtW3p6SOcbcaBD4ABGAAAAACJySTbdkk229iS2sWZnPHKPJ0lRi/Tq65cVSXm9XUmPpwc5KKAz2WspPEVXP+nG8aceEePW9vctxCgxqCuyTGK6/gifHZjh8DGMZ3vyJcbtz8i7eMt4bCTr3cdi5WORY/GaW9d6GYvoj3I6pHP1PKdfBS65W7k+8vxytcsuz8kyNVL/AEb8BxYldPuteJAuduVJ+Uld+7Tiut+KJVltJbW+zcWP85H63dHzFLHx6e6PmVlwuQPygxj5I9T/APQ70fR5n1lqspx4PvR1ZVXN+8vIqLnLjHnuMfKv7R3mFDm7WXP9srmP3v0O/wBtrmfe/QpLnLiem8Z8y/tjuHeYUPl7XvL1ZdXMfvfod/2gjzPv/oZ9yG3IX0zjPmXUhyy7D/L2veaRZxw3wn70Razjpcyr91/MyspDcpD1nGL511DllmH+Xte82Czmo71VX2YP8wuOcmH3uouun5MxEpiJTJFnGK/p6vyL6Iw75H177m+WX8K/6qXXCqvyj8MrUHsrUu2aj+Kx5u5CHMnjnNbljF9a8WJLJKD2SkurcepxxNOXq1KcvZqQl4McZ5K6nULpY+rD1KlSHszkvBlinnPzU+p/gilkHy1OuP58D1ViIzcZJo86wudOJptXnysV9GotK/2vWXebnJuUIYmlGrT1J3UovbCa2xf71po08LjKeIuo7eZmZjMtrYWKlOzi+K68b2t3fUvYSTSa2MWQcFU1uD618ycSSjZ2M4AABoCZSsrvUlrb3JHl2V8c69epV3OVodFNao/DX1tm5zrxfJYWdnaVS1KP2vW+6pHm7Zo4KFoub6N4Eqg7Rm/Zj33f5RyMiMpWp9dS3dH/AOjkahxvlA9eOl9FFdl+9nVZZT9li+e/e0TlMUpESNQWpmE4lxwJWkFyOpndMTSN0j+kFxjTOxld2W0TSJpHtIcp0m+jxJGDwm9lvQoJbi5RwFSpx7EVauIjDiRU0sC3ub6yRHJkuCXYXlND8UaUMnh8VyhPGT5DPvI8nuXcMVciy4dxq1ENEm9D0uS/WMWOqowOKybUhr0W18SrnK2p6nst0nqEqae1FPlbIVOsn9Ce6aXit6IKmWSj7ruX8Pmkb2qr7rcYOVQblUDKWHnh5uFRWa1p7YyjxT3ogTrlPgmjoIQUknHYS5VRuVYhSrjMsQSqkWI0CdKsNSrkGVZjbkyVUieNFEuWINx/DjFuUcTTe6UKiXWnGXhE87Np/DWdq1dcaDfdUgXcElGvEz85pJ4GrbmT6mmeh6Vmmtqdy1hPSSa2NXKiZOyfO8XHmv4P9s36seK5540TAACAaYjPzE3qUqK2RhKpJdMnZfhfeZK5bZ019PGVnui4019mKT+NyoTNujHTSivp38YqF152px6Z1H92AzGocxsrQp/bfxS+RGjM4XN43xtV/VdyO4y2n7HT6PFk6NQcVQgRqDkahlOBadMmqod5QiKZ3TG6BnBkrlCywVO2t7fAqsJrlfcvEtadQ0svwXCS1PYUcZU4NWLehMmwqFPSqE2nM6eGGUUYFSq2WkJj8ZldTmSITJODSK7ZNjIcTI0JD0GN0DGxZySOnGxrgCZS5wZJjiaTg9U9bpztrjPyexryR5Fi4SpzlTkmpRk4uL3NPWe5VDzrP/JqUo4iK9Z6FT2kvRfcmuxGdi8Okta+502RYxxnwEtj2fR/nv6TFtnAAzjrgADthQOGr/h5K2LkudSmvwv5GV0TSZhu2Nh006q+438izhoSVWL+qKOZrVg6y/pfceoSF4CdqlucmvmNSYiEtGcHwkvE6JxvFo82aL8AApER5JlOelXry51arLvmyKPVdbb4tvvYy0dFayHoj5Sfo0uqX4n5EJSJWVHqpey/xyIOkcHma9sq9Pgjv8sj7HS6B6MxamR0zukZ+kuOJJVQ7pkTlRLrCaA4O5fYN2hfi2yXSmQsP6kfZQ/GR12W0FGkjlszn67LKlMmUqhU05kunUNR0zGLinMkwmVVKoS6dQjcBLFnCZIhMrYVB+NQicBrRO0zjmRlUFaYzQNsPORQ5zYblcNVjv0HKPXH0vkW+mRMZri1xVhsqSknHnLuGk4TjJcjTPGtA6oj9SFpPok18TiiZdPA856K5Daid0RzRO6JcjghNQ3ol9mXqxtP2aq/8UimsXeZ6tjKfVU/9ciaOFs7lPHO+Fq/tl/iz0mTGZsXJjU2W4o86RdfznV3gUnKgRebobwaMXUhZtcG0NyiT8dS0atWPNq1F3TaIrgaw1FRld25P2H+Jla6hPzh1cl7P52UzZw+ZR9rq9Pgj0XKo3wdL9qJDqiHVGQKelGlpQt1BOkzgDrDrGpwMr04P6q8CY42KzItW8Irg7fvssX04ajr8DZ0os4zNaLVRkOLJFOZGkhUJGnouYdiypTJdOoVVOoS6dQjlTFLSFQfhMrqdQfhMglTDSTozFqZEjUFqYxwG2JKmRMZUtFi+UKjLWJ0aU3v0Wl1vUhYU7svYSk5SSMHVV5N8W38TiiOMLFyOFSO4bEaIaIux2xLwCEuN2LjNX/i6fVL8EiqLbNhf4qn1S/BIZUo2g2VsY/Z6v7Zf4s9AlIanIVJjNSRRjE4BC9B/u4Fx/I9C+IEPDobriZLL1DRxNZcZafvJPxbK/kzS514e1WnU58HF9cX5SXcUKgXaE9VKL+n4I0ZjOaNuS9l/iKE0mdsbcl9rxXmZs5HMv8Ad1OldyPRsmd8DS6PFgAHbFJJvYaZwBSiKUSWNGUhLkzJFfQnZ7H4mxpz0oowsUaTJGO0lovatp0OV3jHg39jJzLDqpHUTa0BgmtpkecDfg7nNVMG+QRCViTTqEQVGVh7iiu6ElyFpCoPwmVlOqSI1CKUA4CXMWMagtVCDGoEsSkQuBNDCNkydayMxl3F6TUE+mXyJWOyhop8d3WUFSTk23tetlvD0PiZt4HC6HrY3YLCrAXtBrCQsKAXQhDhbZtL/Ex6FJ/ca+ZVFxmyv7+/CE/L5kVeNqcuhlXHO2Fq/tl3M2MpCaUdKpCPOnFfERKZKyLDTrxe6Cc34L4sw5erFy5kcKuK7NUAAY9iqVWcGH5Si2ttNqa6tj+DfcZFQPQZxTTT1ppprimYrF4Z06koP6LaXStz7rGjgqnE4DkzJZ3w9Cl7U/BeRllE22dNG9BS5s1foTTMgomdjcJrxEpc9u63gd/kNS+Bh9G12t+I0oClEdURSiOp4H6Gs5DSiKURxROqJep4L6DdQhRHKbcWmtTR1I7YvU8IlxjG7lrh8oXSUtpJWLXEo0haky7GkypLDRb4i4ddCOXKxVDvKEugZ5tHmLNYhCli7FVyhxzHcGmHm0S2eN6SPVxpA0mcHxoIfGhFC6k3J3YgALCVthNsAAABQAAAALrNlf3k3wg13yiUxe5uRspy46k/i/kQYn/SkUMzdsJU6LdbSL+cy/zao2hOo/py0Y+zH9W+4zKvKSjHXKTUYri27I3eEoKnTjTWyMUr8Xvfec7jZaYKPOcRUdkPgAGWVwKXL2FulUS1r0ZdW5/viXQicFJOL1pqzXQPpzcJKSFRhMVh1UjKEtklbpT3NdTSfYY7F5Fq027R047pQTaa6ba49p6DjsK6c3F7NsXxjuK+rE14qM7SRp4DM6uDvGKTi+Oz70+TtMByTWpxknwasGibWqr7dfXrIdWhF7Yw/wC3C/fYswjbkNqHlJTfv039mn32MtY7Y0EsNDmR+K8BmWFhzX2S80yxHoLEc/wj+Zfbc2U1jtizeFp82fvxf5RLw1P667YvyJotcz/n3JVnWDfxf9ZbivsBP/lIcZ90X8zv8pT51T3I/wCYlUo/xD1muDf/ACdktxXnSesHT58vdXmKWAhz37v6i8LD+J7hfSmD/UXbuK4CyWTYc9+7+opZMhz37v6i8PDn7HuD0pg/1F27irAt1kqHPn7q8zqyTT58/cS/MJ5xT5+x7hPSuD/U7JbinAvI5Kpb5VH2RXzY7HJtH/mP7cF+VjXiYfUjec4NfE+p7jPHTRLJ9FfRm+ucf8qHFhaK/px7XN/Mb53HmfZvIpZ7hF8z+y3ma0WdjTk9STb4JGojGK2Qpr/pwfxaYtVGtmpcI6l8Brxb5I9v4K8/KGn8NN/dpd1zPUcl1ZWvFxjzppqPe9vZdl/h6UaUVFa7a7vU3J7dX72HHMVhqUqs404K8puy+bfQlrIKlSU163Ev5tMvF5lVxSUWlGO2y8X+Osvs18JpzdWS9GHow6Z219y8Ua0jYLDRpU4047Iq197e9vrZJObxFXhajlycnQZE5ancAACEaAAAAQso4NVY6vWjri/kZWtTabTVmtTW9M25U5Xydyic4L00ta5y8y1hq+h6XsFTMjUiRpxLCrAizibMJCEKcRmSJU0MyRZiwIskNMfmhqSJkCY22c0jshtj0O1DimLjMj3OqYOIuolRmORqESMxakNcRdRMUxSqERTFqZHoE1EpTFKZGVQOUG6RNRK5QOUI2mcdQTQJckuoJdQjOocdQcoD0SHUNvmzknkYcpUVqs1se2EOHW9/YVmauQm9HEV1q20oPfwnJeC7eBszGzDFJ3pQ+78N4s5W4kAABlEQAAAAAAAAAAABT5WyXp3nTVp7ZR3T/Uy1anZtNWadmnqaZ6CVuUslwrK/qz3S3Pokt5dw+K0erPYBhZxGJos8fgp0paM4tcHtjLqZXTibUJJq6GsiyQ1ND9RDM0WIjL2I8xuQ9NDUiZBcabDSOyG2yRBqFqQpTGrhpBYLj6mKUyPpApiaQ1ErlA5Qi6YaYmgXUSnUDlCMpEnBYOpWmqdKEpye6O5cW9iXSxGkld7B0eMNI2ObObLejWxUemFF7+Epr8vfwLDN/NeGHtUq2qVtq306b+qntfS+w0xhY3MlK9Oj93u3kuq2wAADGGAAAAAAAAAAAAAAAAAAAADVajGcXGaUovamjN5SzZeuVB338nN6/sy8+81IEtKtOk/Ve4Dy7F4adOWjUjKEuElbu4kKSPWK9CFSOjUjGceEkmihxuadGd3SlKk+Hrw7nr+JrUczpviqK3at4xw5jz+YzI0+MzSxEb6ChVX1JaMu6VvEpMTkuvT9elVj0unLR79hqUq9KfuyXWMaaK+Q0xyaGpFxJoacbC4lnO1DlFsBWkGkScNk2vV/3dKtUvvjSm499rFzg8zMXU9aMKS41Jq/dG7IalelT9+SX3HaWZ647h6EqklCnGU5vZGEXKT7Eb7J+YlKFnXnOq+bFclT8W33o0+DwNKjHRpU4U1v0YpN9b2vtMyvnFGK/wDmtT6lvJFHnMRkfMmc7TxMuSjt5OLvUfW9kfibfAYCnQhoUYKEd9vWk+Mntb6yWBiYjF1cQ/XfFzLZ/OkcAABWAAAAAAAAAAAAAAAAAAAAAAAAAAAAAAAAAAAAAos4Nj6jzzKnrdoAb+V+6gewj4H1u7xPQM29va/AAJcy9wSOw1AABzYoAACgAAAgAAAAAAAAAAAAAAAAH//Z	4	2
4	valex	data:image/jpeg;base64,/9j/4AAQSkZJRgABAQAAAQABAAD/2wCEAAoHCBQREREREBQREBAREBAQEBAREBAQDhAQFxMYGBcXFxcaICwjGhwoHRcXJDUkKC0vMjIyGSI4PTgwPCwxMi8BCwsLDw4PGRERHDEoICgxMTExMTExMTExMTExMTExMTExMTExMTExMTExMTExMTExMTExMTExMTExMTExMTExMf/AABEIAOEA4QMBIgACEQEDEQH/xAAbAAABBQEBAAAAAAAAAAAAAAAAAgMEBQYBB//EAEcQAAIBAgEHCAYIAwUJAAAAAAABAgMRBAUGEiExQVETUmFxgZGx0SIycpKhwUJigqKywuHwBxRDFSMk0vEWMzRjg5Ojs+L/xAAbAQABBQEBAAAAAAAAAAAAAAAAAQIDBAUGB//EAD0RAAIBAgMCCQsDAwUBAAAAAAABAgMRBAUSMdETIUFRcZGhscEGFBUiJDJCUmGB4VNy8GKSsjM0Q6LSI//aAAwDAQACEQMRAD8A9mAAAAAAAAAAAAATKSSu3ZLa3qRV4rLEVqpLTfOeqC8x0YSlsQFq2RKuUYR36T4R1/HYUVXEzqevJtc3ZHuOwiTqgltYFlLKjfqxS6W7saeLm9smuqyI8EOxiO0xWxCWZ3Sk9spPrbFKIqKFIS4WExiLi2tja7TqQtIS4WCNaS+k+3WORxUt6T+DGrHdERpPkDjJUcTF7brr2Dyd9msr9EItx2Owx01yAWQEWnied3okRknrWtEbTQooAAQAAAAAAAAAAAAAAAAAAAAAIePx8KKvJ3k/VgvWl5LpIeWMsRo+hC0qrWz6MFxl5GYdSU5Oc25Sett7SxSoalqls7wJ+Kx06z9J2hupr1e3ixMEMwQ/EsuyVkCQ9BD0UNRHokbYth2KHENwHIjGxRcULSERHEMEFo6kJQoBDqQWOI6AHbHLHbgACXEIScda/RimjjQCEmlWUtWx8PIeK1ok0K9/Rlt3PiRyhyoLkkAAYKAAAAAAAAAAAABS5dyusPHQhZ1ZLVvUI85/JErK+UY4em5vXJ6oR50vJbWYGrWlUlKc3pSk7yb3ss4ejq9aWzvAeUnJuUm3Ju7b1tt72SKZFgSYMuSYqRKiPRI8WPwZCxw/Fj0CPFj0GMYWH4sdixiLFpjWLYfTFpjKYuMholh1MUhCZ1MQSwtHRKYpAJYDpwAA6dZwAASxMkOMSxUIP4evf0Zbdz4kkrJImYerpLXtW3p6SOcbcaBD4ABGAAAAACJySTbdkk229iS2sWZnPHKPJ0lRi/Tq65cVSXm9XUmPpwc5KKAz2WspPEVXP+nG8aceEePW9vctxCgxqCuyTGK6/gifHZjh8DGMZ3vyJcbtz8i7eMt4bCTr3cdi5WORY/GaW9d6GYvoj3I6pHP1PKdfBS65W7k+8vxytcsuz8kyNVL/AEb8BxYldPuteJAuduVJ+Uld+7Tiut+KJVltJbW+zcWP85H63dHzFLHx6e6PmVlwuQPygxj5I9T/APQ70fR5n1lqspx4PvR1ZVXN+8vIqLnLjHnuMfKv7R3mFDm7WXP9srmP3v0O/wBtrmfe/QpLnLiem8Z8y/tjuHeYUPl7XvL1ZdXMfvfod/2gjzPv/oZ9yG3IX0zjPmXUhyy7D/L2veaRZxw3wn70Razjpcyr91/MyspDcpD1nGL511DllmH+Xte82Czmo71VX2YP8wuOcmH3uouun5MxEpiJTJFnGK/p6vyL6Iw75H177m+WX8K/6qXXCqvyj8MrUHsrUu2aj+Kx5u5CHMnjnNbljF9a8WJLJKD2SkurcepxxNOXq1KcvZqQl4McZ5K6nULpY+rD1KlSHszkvBlinnPzU+p/gilkHy1OuP58D1ViIzcZJo86wudOJptXnysV9GotK/2vWXebnJuUIYmlGrT1J3UovbCa2xf71po08LjKeIuo7eZmZjMtrYWKlOzi+K68b2t3fUvYSTSa2MWQcFU1uD618ycSSjZ2M4AABoCZSsrvUlrb3JHl2V8c69epV3OVodFNao/DX1tm5zrxfJYWdnaVS1KP2vW+6pHm7Zo4KFoub6N4Eqg7Rm/Zj33f5RyMiMpWp9dS3dH/AOjkahxvlA9eOl9FFdl+9nVZZT9li+e/e0TlMUpESNQWpmE4lxwJWkFyOpndMTSN0j+kFxjTOxld2W0TSJpHtIcp0m+jxJGDwm9lvQoJbi5RwFSpx7EVauIjDiRU0sC3ub6yRHJkuCXYXlND8UaUMnh8VyhPGT5DPvI8nuXcMVciy4dxq1ENEm9D0uS/WMWOqowOKybUhr0W18SrnK2p6nst0nqEqae1FPlbIVOsn9Ce6aXit6IKmWSj7ruX8Pmkb2qr7rcYOVQblUDKWHnh5uFRWa1p7YyjxT3ogTrlPgmjoIQUknHYS5VRuVYhSrjMsQSqkWI0CdKsNSrkGVZjbkyVUieNFEuWINx/DjFuUcTTe6UKiXWnGXhE87Np/DWdq1dcaDfdUgXcElGvEz85pJ4GrbmT6mmeh6Vmmtqdy1hPSSa2NXKiZOyfO8XHmv4P9s36seK5540TAACAaYjPzE3qUqK2RhKpJdMnZfhfeZK5bZ019PGVnui4019mKT+NyoTNujHTSivp38YqF152px6Z1H92AzGocxsrQp/bfxS+RGjM4XN43xtV/VdyO4y2n7HT6PFk6NQcVQgRqDkahlOBadMmqod5QiKZ3TG6BnBkrlCywVO2t7fAqsJrlfcvEtadQ0svwXCS1PYUcZU4NWLehMmwqFPSqE2nM6eGGUUYFSq2WkJj8ZldTmSITJODSK7ZNjIcTI0JD0GN0DGxZySOnGxrgCZS5wZJjiaTg9U9bpztrjPyexryR5Fi4SpzlTkmpRk4uL3NPWe5VDzrP/JqUo4iK9Z6FT2kvRfcmuxGdi8Okta+502RYxxnwEtj2fR/nv6TFtnAAzjrgADthQOGr/h5K2LkudSmvwv5GV0TSZhu2Nh006q+438izhoSVWL+qKOZrVg6y/pfceoSF4CdqlucmvmNSYiEtGcHwkvE6JxvFo82aL8AApER5JlOelXry51arLvmyKPVdbb4tvvYy0dFayHoj5Sfo0uqX4n5EJSJWVHqpey/xyIOkcHma9sq9Pgjv8sj7HS6B6MxamR0zukZ+kuOJJVQ7pkTlRLrCaA4O5fYN2hfi2yXSmQsP6kfZQ/GR12W0FGkjlszn67LKlMmUqhU05kunUNR0zGLinMkwmVVKoS6dQjcBLFnCZIhMrYVB+NQicBrRO0zjmRlUFaYzQNsPORQ5zYblcNVjv0HKPXH0vkW+mRMZri1xVhsqSknHnLuGk4TjJcjTPGtA6oj9SFpPok18TiiZdPA856K5Daid0RzRO6JcjghNQ3ol9mXqxtP2aq/8UimsXeZ6tjKfVU/9ciaOFs7lPHO+Fq/tl/iz0mTGZsXJjU2W4o86RdfznV3gUnKgRebobwaMXUhZtcG0NyiT8dS0atWPNq1F3TaIrgaw1FRld25P2H+Jla6hPzh1cl7P52UzZw+ZR9rq9Pgj0XKo3wdL9qJDqiHVGQKelGlpQt1BOkzgDrDrGpwMr04P6q8CY42KzItW8Irg7fvssX04ajr8DZ0os4zNaLVRkOLJFOZGkhUJGnouYdiypTJdOoVVOoS6dQjlTFLSFQfhMrqdQfhMglTDSTozFqZEjUFqYxwG2JKmRMZUtFi+UKjLWJ0aU3v0Wl1vUhYU7svYSk5SSMHVV5N8W38TiiOMLFyOFSO4bEaIaIux2xLwCEuN2LjNX/i6fVL8EiqLbNhf4qn1S/BIZUo2g2VsY/Z6v7Zf4s9AlIanIVJjNSRRjE4BC9B/u4Fx/I9C+IEPDobriZLL1DRxNZcZafvJPxbK/kzS514e1WnU58HF9cX5SXcUKgXaE9VKL+n4I0ZjOaNuS9l/iKE0mdsbcl9rxXmZs5HMv8Ad1OldyPRsmd8DS6PFgAHbFJJvYaZwBSiKUSWNGUhLkzJFfQnZ7H4mxpz0oowsUaTJGO0lovatp0OV3jHg39jJzLDqpHUTa0BgmtpkecDfg7nNVMG+QRCViTTqEQVGVh7iiu6ElyFpCoPwmVlOqSI1CKUA4CXMWMagtVCDGoEsSkQuBNDCNkydayMxl3F6TUE+mXyJWOyhop8d3WUFSTk23tetlvD0PiZt4HC6HrY3YLCrAXtBrCQsKAXQhDhbZtL/Ex6FJ/ca+ZVFxmyv7+/CE/L5kVeNqcuhlXHO2Fq/tl3M2MpCaUdKpCPOnFfERKZKyLDTrxe6Cc34L4sw5erFy5kcKuK7NUAAY9iqVWcGH5Si2ttNqa6tj+DfcZFQPQZxTTT1ppprimYrF4Z06koP6LaXStz7rGjgqnE4DkzJZ3w9Cl7U/BeRllE22dNG9BS5s1foTTMgomdjcJrxEpc9u63gd/kNS+Bh9G12t+I0oClEdURSiOp4H6Gs5DSiKURxROqJep4L6DdQhRHKbcWmtTR1I7YvU8IlxjG7lrh8oXSUtpJWLXEo0haky7GkypLDRb4i4ddCOXKxVDvKEugZ5tHmLNYhCli7FVyhxzHcGmHm0S2eN6SPVxpA0mcHxoIfGhFC6k3J3YgALCVthNsAAABQAAAALrNlf3k3wg13yiUxe5uRspy46k/i/kQYn/SkUMzdsJU6LdbSL+cy/zao2hOo/py0Y+zH9W+4zKvKSjHXKTUYri27I3eEoKnTjTWyMUr8Xvfec7jZaYKPOcRUdkPgAGWVwKXL2FulUS1r0ZdW5/viXQicFJOL1pqzXQPpzcJKSFRhMVh1UjKEtklbpT3NdTSfYY7F5Fq027R047pQTaa6ba49p6DjsK6c3F7NsXxjuK+rE14qM7SRp4DM6uDvGKTi+Oz70+TtMByTWpxknwasGibWqr7dfXrIdWhF7Yw/wC3C/fYswjbkNqHlJTfv039mn32MtY7Y0EsNDmR+K8BmWFhzX2S80yxHoLEc/wj+Zfbc2U1jtizeFp82fvxf5RLw1P667YvyJotcz/n3JVnWDfxf9ZbivsBP/lIcZ90X8zv8pT51T3I/wCYlUo/xD1muDf/ACdktxXnSesHT58vdXmKWAhz37v6i8LD+J7hfSmD/UXbuK4CyWTYc9+7+opZMhz37v6i8PDn7HuD0pg/1F27irAt1kqHPn7q8zqyTT58/cS/MJ5xT5+x7hPSuD/U7JbinAvI5Kpb5VH2RXzY7HJtH/mP7cF+VjXiYfUjec4NfE+p7jPHTRLJ9FfRm+ucf8qHFhaK/px7XN/Mb53HmfZvIpZ7hF8z+y3ma0WdjTk9STb4JGojGK2Qpr/pwfxaYtVGtmpcI6l8Brxb5I9v4K8/KGn8NN/dpd1zPUcl1ZWvFxjzppqPe9vZdl/h6UaUVFa7a7vU3J7dX72HHMVhqUqs404K8puy+bfQlrIKlSU163Ev5tMvF5lVxSUWlGO2y8X+Osvs18JpzdWS9GHow6Z219y8Ua0jYLDRpU4047Iq197e9vrZJObxFXhajlycnQZE5ancAACEaAAAAQso4NVY6vWjri/kZWtTabTVmtTW9M25U5Xydyic4L00ta5y8y1hq+h6XsFTMjUiRpxLCrAizibMJCEKcRmSJU0MyRZiwIskNMfmhqSJkCY22c0jshtj0O1DimLjMj3OqYOIuolRmORqESMxakNcRdRMUxSqERTFqZHoE1EpTFKZGVQOUG6RNRK5QOUI2mcdQTQJckuoJdQjOocdQcoD0SHUNvmzknkYcpUVqs1se2EOHW9/YVmauQm9HEV1q20oPfwnJeC7eBszGzDFJ3pQ+78N4s5W4kAABlEQAAAAAAAAAAABT5WyXp3nTVp7ZR3T/Uy1anZtNWadmnqaZ6CVuUslwrK/qz3S3Pokt5dw+K0erPYBhZxGJos8fgp0paM4tcHtjLqZXTibUJJq6GsiyQ1ND9RDM0WIjL2I8xuQ9NDUiZBcabDSOyG2yRBqFqQpTGrhpBYLj6mKUyPpApiaQ1ErlA5Qi6YaYmgXUSnUDlCMpEnBYOpWmqdKEpye6O5cW9iXSxGkld7B0eMNI2ObObLejWxUemFF7+Epr8vfwLDN/NeGHtUq2qVtq306b+qntfS+w0xhY3MlK9Oj93u3kuq2wAADGGAAAAAAAAAAAAAAAAAAAADVajGcXGaUovamjN5SzZeuVB338nN6/sy8+81IEtKtOk/Ve4Dy7F4adOWjUjKEuElbu4kKSPWK9CFSOjUjGceEkmihxuadGd3SlKk+Hrw7nr+JrUczpviqK3at4xw5jz+YzI0+MzSxEb6ChVX1JaMu6VvEpMTkuvT9elVj0unLR79hqUq9KfuyXWMaaK+Q0xyaGpFxJoacbC4lnO1DlFsBWkGkScNk2vV/3dKtUvvjSm499rFzg8zMXU9aMKS41Jq/dG7IalelT9+SX3HaWZ647h6EqklCnGU5vZGEXKT7Eb7J+YlKFnXnOq+bFclT8W33o0+DwNKjHRpU4U1v0YpN9b2vtMyvnFGK/wDmtT6lvJFHnMRkfMmc7TxMuSjt5OLvUfW9kfibfAYCnQhoUYKEd9vWk+Mntb6yWBiYjF1cQ/XfFzLZ/OkcAABWAAAAAAAAAAAAAAAAAAAAAAAAAAAAAAAAAAAAAos4Nj6jzzKnrdoAb+V+6gewj4H1u7xPQM29va/AAJcy9wSOw1AABzYoAACgAAAgAAAAAAAAAAAAAAAAH//Z	4	3
5	cine flex	data:image/jpeg;base64,/9j/4AAQSkZJRgABAQAAAQABAAD/2wCEAAoHCBQREREREBQREBAREBAQEBAREBAQDhAQFxMYGBcXFxcaICwjGhwoHRcXJDUkKC0vMjIyGSI4PTgwPCwxMi8BCwsLDw4PGRERHDEoICgxMTExMTExMTExMTExMTExMTExMTExMTExMTExMTExMTExMTExMTExMTExMTExMTExMf/AABEIAOEA4QMBIgACEQEDEQH/xAAbAAABBQEBAAAAAAAAAAAAAAAAAgMEBQYBB//EAEcQAAIBAgEHCAYIAwUJAAAAAAABAgMRBAUGEiExQVETUmFxgZGx0SIycpKhwUJigqKywuHwBxRDFSMk0vEWMzRjg5Ojs+L/xAAbAQABBQEBAAAAAAAAAAAAAAAAAQIDBAUGB//EAD0RAAIBAgMCCQsDAwUBAAAAAAABAgMRBAUSMdETIUFRcZGhscEGFBUiJDJCUmGB4VNy8GKSsjM0Q6LSI//aAAwDAQACEQMRAD8A9mAAAAAAAAAAAAATKSSu3ZLa3qRV4rLEVqpLTfOeqC8x0YSlsQFq2RKuUYR36T4R1/HYUVXEzqevJtc3ZHuOwiTqgltYFlLKjfqxS6W7saeLm9smuqyI8EOxiO0xWxCWZ3Sk9spPrbFKIqKFIS4WExiLi2tja7TqQtIS4WCNaS+k+3WORxUt6T+DGrHdERpPkDjJUcTF7brr2Dyd9msr9EItx2Owx01yAWQEWnied3okRknrWtEbTQooAAQAAAAAAAAAAAAAAAAAAAAAIePx8KKvJ3k/VgvWl5LpIeWMsRo+hC0qrWz6MFxl5GYdSU5Oc25Sett7SxSoalqls7wJ+Kx06z9J2hupr1e3ixMEMwQ/EsuyVkCQ9BD0UNRHokbYth2KHENwHIjGxRcULSERHEMEFo6kJQoBDqQWOI6AHbHLHbgACXEIScda/RimjjQCEmlWUtWx8PIeK1ok0K9/Rlt3PiRyhyoLkkAAYKAAAAAAAAAAAABS5dyusPHQhZ1ZLVvUI85/JErK+UY4em5vXJ6oR50vJbWYGrWlUlKc3pSk7yb3ss4ejq9aWzvAeUnJuUm3Ju7b1tt72SKZFgSYMuSYqRKiPRI8WPwZCxw/Fj0CPFj0GMYWH4sdixiLFpjWLYfTFpjKYuMholh1MUhCZ1MQSwtHRKYpAJYDpwAA6dZwAASxMkOMSxUIP4evf0Zbdz4kkrJImYerpLXtW3p6SOcbcaBD4ABGAAAAACJySTbdkk229iS2sWZnPHKPJ0lRi/Tq65cVSXm9XUmPpwc5KKAz2WspPEVXP+nG8aceEePW9vctxCgxqCuyTGK6/gifHZjh8DGMZ3vyJcbtz8i7eMt4bCTr3cdi5WORY/GaW9d6GYvoj3I6pHP1PKdfBS65W7k+8vxytcsuz8kyNVL/AEb8BxYldPuteJAuduVJ+Uld+7Tiut+KJVltJbW+zcWP85H63dHzFLHx6e6PmVlwuQPygxj5I9T/APQ70fR5n1lqspx4PvR1ZVXN+8vIqLnLjHnuMfKv7R3mFDm7WXP9srmP3v0O/wBtrmfe/QpLnLiem8Z8y/tjuHeYUPl7XvL1ZdXMfvfod/2gjzPv/oZ9yG3IX0zjPmXUhyy7D/L2veaRZxw3wn70Razjpcyr91/MyspDcpD1nGL511DllmH+Xte82Czmo71VX2YP8wuOcmH3uouun5MxEpiJTJFnGK/p6vyL6Iw75H177m+WX8K/6qXXCqvyj8MrUHsrUu2aj+Kx5u5CHMnjnNbljF9a8WJLJKD2SkurcepxxNOXq1KcvZqQl4McZ5K6nULpY+rD1KlSHszkvBlinnPzU+p/gilkHy1OuP58D1ViIzcZJo86wudOJptXnysV9GotK/2vWXebnJuUIYmlGrT1J3UovbCa2xf71po08LjKeIuo7eZmZjMtrYWKlOzi+K68b2t3fUvYSTSa2MWQcFU1uD618ycSSjZ2M4AABoCZSsrvUlrb3JHl2V8c69epV3OVodFNao/DX1tm5zrxfJYWdnaVS1KP2vW+6pHm7Zo4KFoub6N4Eqg7Rm/Zj33f5RyMiMpWp9dS3dH/AOjkahxvlA9eOl9FFdl+9nVZZT9li+e/e0TlMUpESNQWpmE4lxwJWkFyOpndMTSN0j+kFxjTOxld2W0TSJpHtIcp0m+jxJGDwm9lvQoJbi5RwFSpx7EVauIjDiRU0sC3ub6yRHJkuCXYXlND8UaUMnh8VyhPGT5DPvI8nuXcMVciy4dxq1ENEm9D0uS/WMWOqowOKybUhr0W18SrnK2p6nst0nqEqae1FPlbIVOsn9Ce6aXit6IKmWSj7ruX8Pmkb2qr7rcYOVQblUDKWHnh5uFRWa1p7YyjxT3ogTrlPgmjoIQUknHYS5VRuVYhSrjMsQSqkWI0CdKsNSrkGVZjbkyVUieNFEuWINx/DjFuUcTTe6UKiXWnGXhE87Np/DWdq1dcaDfdUgXcElGvEz85pJ4GrbmT6mmeh6Vmmtqdy1hPSSa2NXKiZOyfO8XHmv4P9s36seK5540TAACAaYjPzE3qUqK2RhKpJdMnZfhfeZK5bZ019PGVnui4019mKT+NyoTNujHTSivp38YqF152px6Z1H92AzGocxsrQp/bfxS+RGjM4XN43xtV/VdyO4y2n7HT6PFk6NQcVQgRqDkahlOBadMmqod5QiKZ3TG6BnBkrlCywVO2t7fAqsJrlfcvEtadQ0svwXCS1PYUcZU4NWLehMmwqFPSqE2nM6eGGUUYFSq2WkJj8ZldTmSITJODSK7ZNjIcTI0JD0GN0DGxZySOnGxrgCZS5wZJjiaTg9U9bpztrjPyexryR5Fi4SpzlTkmpRk4uL3NPWe5VDzrP/JqUo4iK9Z6FT2kvRfcmuxGdi8Okta+502RYxxnwEtj2fR/nv6TFtnAAzjrgADthQOGr/h5K2LkudSmvwv5GV0TSZhu2Nh006q+438izhoSVWL+qKOZrVg6y/pfceoSF4CdqlucmvmNSYiEtGcHwkvE6JxvFo82aL8AApER5JlOelXry51arLvmyKPVdbb4tvvYy0dFayHoj5Sfo0uqX4n5EJSJWVHqpey/xyIOkcHma9sq9Pgjv8sj7HS6B6MxamR0zukZ+kuOJJVQ7pkTlRLrCaA4O5fYN2hfi2yXSmQsP6kfZQ/GR12W0FGkjlszn67LKlMmUqhU05kunUNR0zGLinMkwmVVKoS6dQjcBLFnCZIhMrYVB+NQicBrRO0zjmRlUFaYzQNsPORQ5zYblcNVjv0HKPXH0vkW+mRMZri1xVhsqSknHnLuGk4TjJcjTPGtA6oj9SFpPok18TiiZdPA856K5Daid0RzRO6JcjghNQ3ol9mXqxtP2aq/8UimsXeZ6tjKfVU/9ciaOFs7lPHO+Fq/tl/iz0mTGZsXJjU2W4o86RdfznV3gUnKgRebobwaMXUhZtcG0NyiT8dS0atWPNq1F3TaIrgaw1FRld25P2H+Jla6hPzh1cl7P52UzZw+ZR9rq9Pgj0XKo3wdL9qJDqiHVGQKelGlpQt1BOkzgDrDrGpwMr04P6q8CY42KzItW8Irg7fvssX04ajr8DZ0os4zNaLVRkOLJFOZGkhUJGnouYdiypTJdOoVVOoS6dQjlTFLSFQfhMrqdQfhMglTDSTozFqZEjUFqYxwG2JKmRMZUtFi+UKjLWJ0aU3v0Wl1vUhYU7svYSk5SSMHVV5N8W38TiiOMLFyOFSO4bEaIaIux2xLwCEuN2LjNX/i6fVL8EiqLbNhf4qn1S/BIZUo2g2VsY/Z6v7Zf4s9AlIanIVJjNSRRjE4BC9B/u4Fx/I9C+IEPDobriZLL1DRxNZcZafvJPxbK/kzS514e1WnU58HF9cX5SXcUKgXaE9VKL+n4I0ZjOaNuS9l/iKE0mdsbcl9rxXmZs5HMv8Ad1OldyPRsmd8DS6PFgAHbFJJvYaZwBSiKUSWNGUhLkzJFfQnZ7H4mxpz0oowsUaTJGO0lovatp0OV3jHg39jJzLDqpHUTa0BgmtpkecDfg7nNVMG+QRCViTTqEQVGVh7iiu6ElyFpCoPwmVlOqSI1CKUA4CXMWMagtVCDGoEsSkQuBNDCNkydayMxl3F6TUE+mXyJWOyhop8d3WUFSTk23tetlvD0PiZt4HC6HrY3YLCrAXtBrCQsKAXQhDhbZtL/Ex6FJ/ca+ZVFxmyv7+/CE/L5kVeNqcuhlXHO2Fq/tl3M2MpCaUdKpCPOnFfERKZKyLDTrxe6Cc34L4sw5erFy5kcKuK7NUAAY9iqVWcGH5Si2ttNqa6tj+DfcZFQPQZxTTT1ppprimYrF4Z06koP6LaXStz7rGjgqnE4DkzJZ3w9Cl7U/BeRllE22dNG9BS5s1foTTMgomdjcJrxEpc9u63gd/kNS+Bh9G12t+I0oClEdURSiOp4H6Gs5DSiKURxROqJep4L6DdQhRHKbcWmtTR1I7YvU8IlxjG7lrh8oXSUtpJWLXEo0haky7GkypLDRb4i4ddCOXKxVDvKEugZ5tHmLNYhCli7FVyhxzHcGmHm0S2eN6SPVxpA0mcHxoIfGhFC6k3J3YgALCVthNsAAABQAAAALrNlf3k3wg13yiUxe5uRspy46k/i/kQYn/SkUMzdsJU6LdbSL+cy/zao2hOo/py0Y+zH9W+4zKvKSjHXKTUYri27I3eEoKnTjTWyMUr8Xvfec7jZaYKPOcRUdkPgAGWVwKXL2FulUS1r0ZdW5/viXQicFJOL1pqzXQPpzcJKSFRhMVh1UjKEtklbpT3NdTSfYY7F5Fq027R047pQTaa6ba49p6DjsK6c3F7NsXxjuK+rE14qM7SRp4DM6uDvGKTi+Oz70+TtMByTWpxknwasGibWqr7dfXrIdWhF7Yw/wC3C/fYswjbkNqHlJTfv039mn32MtY7Y0EsNDmR+K8BmWFhzX2S80yxHoLEc/wj+Zfbc2U1jtizeFp82fvxf5RLw1P667YvyJotcz/n3JVnWDfxf9ZbivsBP/lIcZ90X8zv8pT51T3I/wCYlUo/xD1muDf/ACdktxXnSesHT58vdXmKWAhz37v6i8LD+J7hfSmD/UXbuK4CyWTYc9+7+opZMhz37v6i8PDn7HuD0pg/1F27irAt1kqHPn7q8zqyTT58/cS/MJ5xT5+x7hPSuD/U7JbinAvI5Kpb5VH2RXzY7HJtH/mP7cF+VjXiYfUjec4NfE+p7jPHTRLJ9FfRm+ucf8qHFhaK/px7XN/Mb53HmfZvIpZ7hF8z+y3ma0WdjTk9STb4JGojGK2Qpr/pwfxaYtVGtmpcI6l8Brxb5I9v4K8/KGn8NN/dpd1zPUcl1ZWvFxjzppqPe9vZdl/h6UaUVFa7a7vU3J7dX72HHMVhqUqs404K8puy+bfQlrIKlSU163Ev5tMvF5lVxSUWlGO2y8X+Osvs18JpzdWS9GHow6Z219y8Ua0jYLDRpU4047Iq197e9vrZJObxFXhajlycnQZE5ancAACEaAAAAQso4NVY6vWjri/kZWtTabTVmtTW9M25U5Xydyic4L00ta5y8y1hq+h6XsFTMjUiRpxLCrAizibMJCEKcRmSJU0MyRZiwIskNMfmhqSJkCY22c0jshtj0O1DimLjMj3OqYOIuolRmORqESMxakNcRdRMUxSqERTFqZHoE1EpTFKZGVQOUG6RNRK5QOUI2mcdQTQJckuoJdQjOocdQcoD0SHUNvmzknkYcpUVqs1se2EOHW9/YVmauQm9HEV1q20oPfwnJeC7eBszGzDFJ3pQ+78N4s5W4kAABlEQAAAAAAAAAAABT5WyXp3nTVp7ZR3T/Uy1anZtNWadmnqaZ6CVuUslwrK/qz3S3Pokt5dw+K0erPYBhZxGJos8fgp0paM4tcHtjLqZXTibUJJq6GsiyQ1ND9RDM0WIjL2I8xuQ9NDUiZBcabDSOyG2yRBqFqQpTGrhpBYLj6mKUyPpApiaQ1ErlA5Qi6YaYmgXUSnUDlCMpEnBYOpWmqdKEpye6O5cW9iXSxGkld7B0eMNI2ObObLejWxUemFF7+Epr8vfwLDN/NeGHtUq2qVtq306b+qntfS+w0xhY3MlK9Oj93u3kuq2wAADGGAAAAAAAAAAAAAAAAAAAADVajGcXGaUovamjN5SzZeuVB338nN6/sy8+81IEtKtOk/Ve4Dy7F4adOWjUjKEuElbu4kKSPWK9CFSOjUjGceEkmihxuadGd3SlKk+Hrw7nr+JrUczpviqK3at4xw5jz+YzI0+MzSxEb6ChVX1JaMu6VvEpMTkuvT9elVj0unLR79hqUq9KfuyXWMaaK+Q0xyaGpFxJoacbC4lnO1DlFsBWkGkScNk2vV/3dKtUvvjSm499rFzg8zMXU9aMKS41Jq/dG7IalelT9+SX3HaWZ647h6EqklCnGU5vZGEXKT7Eb7J+YlKFnXnOq+bFclT8W33o0+DwNKjHRpU4U1v0YpN9b2vtMyvnFGK/wDmtT6lvJFHnMRkfMmc7TxMuSjt5OLvUfW9kfibfAYCnQhoUYKEd9vWk+Mntb6yWBiYjF1cQ/XfFzLZ/OkcAABWAAAAAAAAAAAAAAAAAAAAAAAAAAAAAAAAAAAAAos4Nj6jzzKnrdoAb+V+6gewj4H1u7xPQM29va/AAJcy9wSOw1AABzYoAACgAAAgAAAAAAAAAAAAAAAAH//Z	4	4
6	driven pass	data:image/jpeg;base64,/9j/4AAQSkZJRgABAQAAAQABAAD/2wCEAAoHCBQREREREBQREBAREBAQEBAREBAQDhAQFxMYGBcXFxcaICwjGhwoHRcXJDUkKC0vMjIyGSI4PTgwPCwxMi8BCwsLDw4PGRERHDEoICgxMTExMTExMTExMTExMTExMTExMTExMTExMTExMTExMTExMTExMTExMTExMTExMTExMf/AABEIAOEA4QMBIgACEQEDEQH/xAAbAAABBQEBAAAAAAAAAAAAAAAAAgMEBQYBB//EAEcQAAIBAgEHCAYIAwUJAAAAAAABAgMRBAUGEiExQVETUmFxgZGx0SIycpKhwUJigqKywuHwBxRDFSMk0vEWMzRjg5Ojs+L/xAAbAQABBQEBAAAAAAAAAAAAAAAAAQIDBAUGB//EAD0RAAIBAgMCCQsDAwUBAAAAAAABAgMRBAUSMdETIUFRcZGhscEGFBUiJDJCUmGB4VNy8GKSsjM0Q6LSI//aAAwDAQACEQMRAD8A9mAAAAAAAAAAAAATKSSu3ZLa3qRV4rLEVqpLTfOeqC8x0YSlsQFq2RKuUYR36T4R1/HYUVXEzqevJtc3ZHuOwiTqgltYFlLKjfqxS6W7saeLm9smuqyI8EOxiO0xWxCWZ3Sk9spPrbFKIqKFIS4WExiLi2tja7TqQtIS4WCNaS+k+3WORxUt6T+DGrHdERpPkDjJUcTF7brr2Dyd9msr9EItx2Owx01yAWQEWnied3okRknrWtEbTQooAAQAAAAAAAAAAAAAAAAAAAAAIePx8KKvJ3k/VgvWl5LpIeWMsRo+hC0qrWz6MFxl5GYdSU5Oc25Sett7SxSoalqls7wJ+Kx06z9J2hupr1e3ixMEMwQ/EsuyVkCQ9BD0UNRHokbYth2KHENwHIjGxRcULSERHEMEFo6kJQoBDqQWOI6AHbHLHbgACXEIScda/RimjjQCEmlWUtWx8PIeK1ok0K9/Rlt3PiRyhyoLkkAAYKAAAAAAAAAAAABS5dyusPHQhZ1ZLVvUI85/JErK+UY4em5vXJ6oR50vJbWYGrWlUlKc3pSk7yb3ss4ejq9aWzvAeUnJuUm3Ju7b1tt72SKZFgSYMuSYqRKiPRI8WPwZCxw/Fj0CPFj0GMYWH4sdixiLFpjWLYfTFpjKYuMholh1MUhCZ1MQSwtHRKYpAJYDpwAA6dZwAASxMkOMSxUIP4evf0Zbdz4kkrJImYerpLXtW3p6SOcbcaBD4ABGAAAAACJySTbdkk229iS2sWZnPHKPJ0lRi/Tq65cVSXm9XUmPpwc5KKAz2WspPEVXP+nG8aceEePW9vctxCgxqCuyTGK6/gifHZjh8DGMZ3vyJcbtz8i7eMt4bCTr3cdi5WORY/GaW9d6GYvoj3I6pHP1PKdfBS65W7k+8vxytcsuz8kyNVL/AEb8BxYldPuteJAuduVJ+Uld+7Tiut+KJVltJbW+zcWP85H63dHzFLHx6e6PmVlwuQPygxj5I9T/APQ70fR5n1lqspx4PvR1ZVXN+8vIqLnLjHnuMfKv7R3mFDm7WXP9srmP3v0O/wBtrmfe/QpLnLiem8Z8y/tjuHeYUPl7XvL1ZdXMfvfod/2gjzPv/oZ9yG3IX0zjPmXUhyy7D/L2veaRZxw3wn70Razjpcyr91/MyspDcpD1nGL511DllmH+Xte82Czmo71VX2YP8wuOcmH3uouun5MxEpiJTJFnGK/p6vyL6Iw75H177m+WX8K/6qXXCqvyj8MrUHsrUu2aj+Kx5u5CHMnjnNbljF9a8WJLJKD2SkurcepxxNOXq1KcvZqQl4McZ5K6nULpY+rD1KlSHszkvBlinnPzU+p/gilkHy1OuP58D1ViIzcZJo86wudOJptXnysV9GotK/2vWXebnJuUIYmlGrT1J3UovbCa2xf71po08LjKeIuo7eZmZjMtrYWKlOzi+K68b2t3fUvYSTSa2MWQcFU1uD618ycSSjZ2M4AABoCZSsrvUlrb3JHl2V8c69epV3OVodFNao/DX1tm5zrxfJYWdnaVS1KP2vW+6pHm7Zo4KFoub6N4Eqg7Rm/Zj33f5RyMiMpWp9dS3dH/AOjkahxvlA9eOl9FFdl+9nVZZT9li+e/e0TlMUpESNQWpmE4lxwJWkFyOpndMTSN0j+kFxjTOxld2W0TSJpHtIcp0m+jxJGDwm9lvQoJbi5RwFSpx7EVauIjDiRU0sC3ub6yRHJkuCXYXlND8UaUMnh8VyhPGT5DPvI8nuXcMVciy4dxq1ENEm9D0uS/WMWOqowOKybUhr0W18SrnK2p6nst0nqEqae1FPlbIVOsn9Ce6aXit6IKmWSj7ruX8Pmkb2qr7rcYOVQblUDKWHnh5uFRWa1p7YyjxT3ogTrlPgmjoIQUknHYS5VRuVYhSrjMsQSqkWI0CdKsNSrkGVZjbkyVUieNFEuWINx/DjFuUcTTe6UKiXWnGXhE87Np/DWdq1dcaDfdUgXcElGvEz85pJ4GrbmT6mmeh6Vmmtqdy1hPSSa2NXKiZOyfO8XHmv4P9s36seK5540TAACAaYjPzE3qUqK2RhKpJdMnZfhfeZK5bZ019PGVnui4019mKT+NyoTNujHTSivp38YqF152px6Z1H92AzGocxsrQp/bfxS+RGjM4XN43xtV/VdyO4y2n7HT6PFk6NQcVQgRqDkahlOBadMmqod5QiKZ3TG6BnBkrlCywVO2t7fAqsJrlfcvEtadQ0svwXCS1PYUcZU4NWLehMmwqFPSqE2nM6eGGUUYFSq2WkJj8ZldTmSITJODSK7ZNjIcTI0JD0GN0DGxZySOnGxrgCZS5wZJjiaTg9U9bpztrjPyexryR5Fi4SpzlTkmpRk4uL3NPWe5VDzrP/JqUo4iK9Z6FT2kvRfcmuxGdi8Okta+502RYxxnwEtj2fR/nv6TFtnAAzjrgADthQOGr/h5K2LkudSmvwv5GV0TSZhu2Nh006q+438izhoSVWL+qKOZrVg6y/pfceoSF4CdqlucmvmNSYiEtGcHwkvE6JxvFo82aL8AApER5JlOelXry51arLvmyKPVdbb4tvvYy0dFayHoj5Sfo0uqX4n5EJSJWVHqpey/xyIOkcHma9sq9Pgjv8sj7HS6B6MxamR0zukZ+kuOJJVQ7pkTlRLrCaA4O5fYN2hfi2yXSmQsP6kfZQ/GR12W0FGkjlszn67LKlMmUqhU05kunUNR0zGLinMkwmVVKoS6dQjcBLFnCZIhMrYVB+NQicBrRO0zjmRlUFaYzQNsPORQ5zYblcNVjv0HKPXH0vkW+mRMZri1xVhsqSknHnLuGk4TjJcjTPGtA6oj9SFpPok18TiiZdPA856K5Daid0RzRO6JcjghNQ3ol9mXqxtP2aq/8UimsXeZ6tjKfVU/9ciaOFs7lPHO+Fq/tl/iz0mTGZsXJjU2W4o86RdfznV3gUnKgRebobwaMXUhZtcG0NyiT8dS0atWPNq1F3TaIrgaw1FRld25P2H+Jla6hPzh1cl7P52UzZw+ZR9rq9Pgj0XKo3wdL9qJDqiHVGQKelGlpQt1BOkzgDrDrGpwMr04P6q8CY42KzItW8Irg7fvssX04ajr8DZ0os4zNaLVRkOLJFOZGkhUJGnouYdiypTJdOoVVOoS6dQjlTFLSFQfhMrqdQfhMglTDSTozFqZEjUFqYxwG2JKmRMZUtFi+UKjLWJ0aU3v0Wl1vUhYU7svYSk5SSMHVV5N8W38TiiOMLFyOFSO4bEaIaIux2xLwCEuN2LjNX/i6fVL8EiqLbNhf4qn1S/BIZUo2g2VsY/Z6v7Zf4s9AlIanIVJjNSRRjE4BC9B/u4Fx/I9C+IEPDobriZLL1DRxNZcZafvJPxbK/kzS514e1WnU58HF9cX5SXcUKgXaE9VKL+n4I0ZjOaNuS9l/iKE0mdsbcl9rxXmZs5HMv8Ad1OldyPRsmd8DS6PFgAHbFJJvYaZwBSiKUSWNGUhLkzJFfQnZ7H4mxpz0oowsUaTJGO0lovatp0OV3jHg39jJzLDqpHUTa0BgmtpkecDfg7nNVMG+QRCViTTqEQVGVh7iiu6ElyFpCoPwmVlOqSI1CKUA4CXMWMagtVCDGoEsSkQuBNDCNkydayMxl3F6TUE+mXyJWOyhop8d3WUFSTk23tetlvD0PiZt4HC6HrY3YLCrAXtBrCQsKAXQhDhbZtL/Ex6FJ/ca+ZVFxmyv7+/CE/L5kVeNqcuhlXHO2Fq/tl3M2MpCaUdKpCPOnFfERKZKyLDTrxe6Cc34L4sw5erFy5kcKuK7NUAAY9iqVWcGH5Si2ttNqa6tj+DfcZFQPQZxTTT1ppprimYrF4Z06koP6LaXStz7rGjgqnE4DkzJZ3w9Cl7U/BeRllE22dNG9BS5s1foTTMgomdjcJrxEpc9u63gd/kNS+Bh9G12t+I0oClEdURSiOp4H6Gs5DSiKURxROqJep4L6DdQhRHKbcWmtTR1I7YvU8IlxjG7lrh8oXSUtpJWLXEo0haky7GkypLDRb4i4ddCOXKxVDvKEugZ5tHmLNYhCli7FVyhxzHcGmHm0S2eN6SPVxpA0mcHxoIfGhFC6k3J3YgALCVthNsAAABQAAAALrNlf3k3wg13yiUxe5uRspy46k/i/kQYn/SkUMzdsJU6LdbSL+cy/zao2hOo/py0Y+zH9W+4zKvKSjHXKTUYri27I3eEoKnTjTWyMUr8Xvfec7jZaYKPOcRUdkPgAGWVwKXL2FulUS1r0ZdW5/viXQicFJOL1pqzXQPpzcJKSFRhMVh1UjKEtklbpT3NdTSfYY7F5Fq027R047pQTaa6ba49p6DjsK6c3F7NsXxjuK+rE14qM7SRp4DM6uDvGKTi+Oz70+TtMByTWpxknwasGibWqr7dfXrIdWhF7Yw/wC3C/fYswjbkNqHlJTfv039mn32MtY7Y0EsNDmR+K8BmWFhzX2S80yxHoLEc/wj+Zfbc2U1jtizeFp82fvxf5RLw1P667YvyJotcz/n3JVnWDfxf9ZbivsBP/lIcZ90X8zv8pT51T3I/wCYlUo/xD1muDf/ACdktxXnSesHT58vdXmKWAhz37v6i8LD+J7hfSmD/UXbuK4CyWTYc9+7+opZMhz37v6i8PDn7HuD0pg/1F27irAt1kqHPn7q8zqyTT58/cS/MJ5xT5+x7hPSuD/U7JbinAvI5Kpb5VH2RXzY7HJtH/mP7cF+VjXiYfUjec4NfE+p7jPHTRLJ9FfRm+ucf8qHFhaK/px7XN/Mb53HmfZvIpZ7hF8z+y3ma0WdjTk9STb4JGojGK2Qpr/pwfxaYtVGtmpcI6l8Brxb5I9v4K8/KGn8NN/dpd1zPUcl1ZWvFxjzppqPe9vZdl/h6UaUVFa7a7vU3J7dX72HHMVhqUqs404K8puy+bfQlrIKlSU163Ev5tMvF5lVxSUWlGO2y8X+Osvs18JpzdWS9GHow6Z219y8Ua0jYLDRpU4047Iq197e9vrZJObxFXhajlycnQZE5ancAACEaAAAAQso4NVY6vWjri/kZWtTabTVmtTW9M25U5Xydyic4L00ta5y8y1hq+h6XsFTMjUiRpxLCrAizibMJCEKcRmSJU0MyRZiwIskNMfmhqSJkCY22c0jshtj0O1DimLjMj3OqYOIuolRmORqESMxakNcRdRMUxSqERTFqZHoE1EpTFKZGVQOUG6RNRK5QOUI2mcdQTQJckuoJdQjOocdQcoD0SHUNvmzknkYcpUVqs1se2EOHW9/YVmauQm9HEV1q20oPfwnJeC7eBszGzDFJ3pQ+78N4s5W4kAABlEQAAAAAAAAAAABT5WyXp3nTVp7ZR3T/Uy1anZtNWadmnqaZ6CVuUslwrK/qz3S3Pokt5dw+K0erPYBhZxGJos8fgp0paM4tcHtjLqZXTibUJJq6GsiyQ1ND9RDM0WIjL2I8xuQ9NDUiZBcabDSOyG2yRBqFqQpTGrhpBYLj6mKUyPpApiaQ1ErlA5Qi6YaYmgXUSnUDlCMpEnBYOpWmqdKEpye6O5cW9iXSxGkld7B0eMNI2ObObLejWxUemFF7+Epr8vfwLDN/NeGHtUq2qVtq306b+qntfS+w0xhY3MlK9Oj93u3kuq2wAADGGAAAAAAAAAAAAAAAAAAAADVajGcXGaUovamjN5SzZeuVB338nN6/sy8+81IEtKtOk/Ve4Dy7F4adOWjUjKEuElbu4kKSPWK9CFSOjUjGceEkmihxuadGd3SlKk+Hrw7nr+JrUczpviqK3at4xw5jz+YzI0+MzSxEb6ChVX1JaMu6VvEpMTkuvT9elVj0unLR79hqUq9KfuyXWMaaK+Q0xyaGpFxJoacbC4lnO1DlFsBWkGkScNk2vV/3dKtUvvjSm499rFzg8zMXU9aMKS41Jq/dG7IalelT9+SX3HaWZ647h6EqklCnGU5vZGEXKT7Eb7J+YlKFnXnOq+bFclT8W33o0+DwNKjHRpU4U1v0YpN9b2vtMyvnFGK/wDmtT6lvJFHnMRkfMmc7TxMuSjt5OLvUfW9kfibfAYCnQhoUYKEd9vWk+Mntb6yWBiYjF1cQ/XfFzLZ/OkcAABWAAAAAAAAAAAAAAAAAAAAAAAAAAAAAAAAAAAAAos4Nj6jzzKnrdoAb+V+6gewj4H1u7xPQM29va/AAJcy9wSOw1AABzYoAACgAAAgAAAAAAAAAAAAAAAAH//Z	4	5
8	linkr	data:image/jpeg;base64,/9j/4AAQSkZJRgABAQAAAQABAAD/2wCEAAoHCBQREREREBQREBAREBAQEBAREBAQDhAQFxMYGBcXFxcaICwjGhwoHRcXJDUkKC0vMjIyGSI4PTgwPCwxMi8BCwsLDw4PGRERHDEoICgxMTExMTExMTExMTExMTExMTExMTExMTExMTExMTExMTExMTExMTExMTExMTExMTExMf/AABEIAOEA4QMBIgACEQEDEQH/xAAbAAABBQEBAAAAAAAAAAAAAAAAAgMEBQYBB//EAEcQAAIBAgEHCAYIAwUJAAAAAAABAgMRBAUGEiExQVETUmFxgZGx0SIycpKhwUJigqKywuHwBxRDFSMk0vEWMzRjg5Ojs+L/xAAbAQABBQEBAAAAAAAAAAAAAAAAAQIDBAUGB//EAD0RAAIBAgMCCQsDAwUBAAAAAAABAgMRBAUSMdETIUFRcZGhscEGFBUiJDJCUmGB4VNy8GKSsjM0Q6LSI//aAAwDAQACEQMRAD8A9mAAAAAAAAAAAAATKSSu3ZLa3qRV4rLEVqpLTfOeqC8x0YSlsQFq2RKuUYR36T4R1/HYUVXEzqevJtc3ZHuOwiTqgltYFlLKjfqxS6W7saeLm9smuqyI8EOxiO0xWxCWZ3Sk9spPrbFKIqKFIS4WExiLi2tja7TqQtIS4WCNaS+k+3WORxUt6T+DGrHdERpPkDjJUcTF7brr2Dyd9msr9EItx2Owx01yAWQEWnied3okRknrWtEbTQooAAQAAAAAAAAAAAAAAAAAAAAAIePx8KKvJ3k/VgvWl5LpIeWMsRo+hC0qrWz6MFxl5GYdSU5Oc25Sett7SxSoalqls7wJ+Kx06z9J2hupr1e3ixMEMwQ/EsuyVkCQ9BD0UNRHokbYth2KHENwHIjGxRcULSERHEMEFo6kJQoBDqQWOI6AHbHLHbgACXEIScda/RimjjQCEmlWUtWx8PIeK1ok0K9/Rlt3PiRyhyoLkkAAYKAAAAAAAAAAAABS5dyusPHQhZ1ZLVvUI85/JErK+UY4em5vXJ6oR50vJbWYGrWlUlKc3pSk7yb3ss4ejq9aWzvAeUnJuUm3Ju7b1tt72SKZFgSYMuSYqRKiPRI8WPwZCxw/Fj0CPFj0GMYWH4sdixiLFpjWLYfTFpjKYuMholh1MUhCZ1MQSwtHRKYpAJYDpwAA6dZwAASxMkOMSxUIP4evf0Zbdz4kkrJImYerpLXtW3p6SOcbcaBD4ABGAAAAACJySTbdkk229iS2sWZnPHKPJ0lRi/Tq65cVSXm9XUmPpwc5KKAz2WspPEVXP+nG8aceEePW9vctxCgxqCuyTGK6/gifHZjh8DGMZ3vyJcbtz8i7eMt4bCTr3cdi5WORY/GaW9d6GYvoj3I6pHP1PKdfBS65W7k+8vxytcsuz8kyNVL/AEb8BxYldPuteJAuduVJ+Uld+7Tiut+KJVltJbW+zcWP85H63dHzFLHx6e6PmVlwuQPygxj5I9T/APQ70fR5n1lqspx4PvR1ZVXN+8vIqLnLjHnuMfKv7R3mFDm7WXP9srmP3v0O/wBtrmfe/QpLnLiem8Z8y/tjuHeYUPl7XvL1ZdXMfvfod/2gjzPv/oZ9yG3IX0zjPmXUhyy7D/L2veaRZxw3wn70Razjpcyr91/MyspDcpD1nGL511DllmH+Xte82Czmo71VX2YP8wuOcmH3uouun5MxEpiJTJFnGK/p6vyL6Iw75H177m+WX8K/6qXXCqvyj8MrUHsrUu2aj+Kx5u5CHMnjnNbljF9a8WJLJKD2SkurcepxxNOXq1KcvZqQl4McZ5K6nULpY+rD1KlSHszkvBlinnPzU+p/gilkHy1OuP58D1ViIzcZJo86wudOJptXnysV9GotK/2vWXebnJuUIYmlGrT1J3UovbCa2xf71po08LjKeIuo7eZmZjMtrYWKlOzi+K68b2t3fUvYSTSa2MWQcFU1uD618ycSSjZ2M4AABoCZSsrvUlrb3JHl2V8c69epV3OVodFNao/DX1tm5zrxfJYWdnaVS1KP2vW+6pHm7Zo4KFoub6N4Eqg7Rm/Zj33f5RyMiMpWp9dS3dH/AOjkahxvlA9eOl9FFdl+9nVZZT9li+e/e0TlMUpESNQWpmE4lxwJWkFyOpndMTSN0j+kFxjTOxld2W0TSJpHtIcp0m+jxJGDwm9lvQoJbi5RwFSpx7EVauIjDiRU0sC3ub6yRHJkuCXYXlND8UaUMnh8VyhPGT5DPvI8nuXcMVciy4dxq1ENEm9D0uS/WMWOqowOKybUhr0W18SrnK2p6nst0nqEqae1FPlbIVOsn9Ce6aXit6IKmWSj7ruX8Pmkb2qr7rcYOVQblUDKWHnh5uFRWa1p7YyjxT3ogTrlPgmjoIQUknHYS5VRuVYhSrjMsQSqkWI0CdKsNSrkGVZjbkyVUieNFEuWINx/DjFuUcTTe6UKiXWnGXhE87Np/DWdq1dcaDfdUgXcElGvEz85pJ4GrbmT6mmeh6Vmmtqdy1hPSSa2NXKiZOyfO8XHmv4P9s36seK5540TAACAaYjPzE3qUqK2RhKpJdMnZfhfeZK5bZ019PGVnui4019mKT+NyoTNujHTSivp38YqF152px6Z1H92AzGocxsrQp/bfxS+RGjM4XN43xtV/VdyO4y2n7HT6PFk6NQcVQgRqDkahlOBadMmqod5QiKZ3TG6BnBkrlCywVO2t7fAqsJrlfcvEtadQ0svwXCS1PYUcZU4NWLehMmwqFPSqE2nM6eGGUUYFSq2WkJj8ZldTmSITJODSK7ZNjIcTI0JD0GN0DGxZySOnGxrgCZS5wZJjiaTg9U9bpztrjPyexryR5Fi4SpzlTkmpRk4uL3NPWe5VDzrP/JqUo4iK9Z6FT2kvRfcmuxGdi8Okta+502RYxxnwEtj2fR/nv6TFtnAAzjrgADthQOGr/h5K2LkudSmvwv5GV0TSZhu2Nh006q+438izhoSVWL+qKOZrVg6y/pfceoSF4CdqlucmvmNSYiEtGcHwkvE6JxvFo82aL8AApER5JlOelXry51arLvmyKPVdbb4tvvYy0dFayHoj5Sfo0uqX4n5EJSJWVHqpey/xyIOkcHma9sq9Pgjv8sj7HS6B6MxamR0zukZ+kuOJJVQ7pkTlRLrCaA4O5fYN2hfi2yXSmQsP6kfZQ/GR12W0FGkjlszn67LKlMmUqhU05kunUNR0zGLinMkwmVVKoS6dQjcBLFnCZIhMrYVB+NQicBrRO0zjmRlUFaYzQNsPORQ5zYblcNVjv0HKPXH0vkW+mRMZri1xVhsqSknHnLuGk4TjJcjTPGtA6oj9SFpPok18TiiZdPA856K5Daid0RzRO6JcjghNQ3ol9mXqxtP2aq/8UimsXeZ6tjKfVU/9ciaOFs7lPHO+Fq/tl/iz0mTGZsXJjU2W4o86RdfznV3gUnKgRebobwaMXUhZtcG0NyiT8dS0atWPNq1F3TaIrgaw1FRld25P2H+Jla6hPzh1cl7P52UzZw+ZR9rq9Pgj0XKo3wdL9qJDqiHVGQKelGlpQt1BOkzgDrDrGpwMr04P6q8CY42KzItW8Irg7fvssX04ajr8DZ0os4zNaLVRkOLJFOZGkhUJGnouYdiypTJdOoVVOoS6dQjlTFLSFQfhMrqdQfhMglTDSTozFqZEjUFqYxwG2JKmRMZUtFi+UKjLWJ0aU3v0Wl1vUhYU7svYSk5SSMHVV5N8W38TiiOMLFyOFSO4bEaIaIux2xLwCEuN2LjNX/i6fVL8EiqLbNhf4qn1S/BIZUo2g2VsY/Z6v7Zf4s9AlIanIVJjNSRRjE4BC9B/u4Fx/I9C+IEPDobriZLL1DRxNZcZafvJPxbK/kzS514e1WnU58HF9cX5SXcUKgXaE9VKL+n4I0ZjOaNuS9l/iKE0mdsbcl9rxXmZs5HMv8Ad1OldyPRsmd8DS6PFgAHbFJJvYaZwBSiKUSWNGUhLkzJFfQnZ7H4mxpz0oowsUaTJGO0lovatp0OV3jHg39jJzLDqpHUTa0BgmtpkecDfg7nNVMG+QRCViTTqEQVGVh7iiu6ElyFpCoPwmVlOqSI1CKUA4CXMWMagtVCDGoEsSkQuBNDCNkydayMxl3F6TUE+mXyJWOyhop8d3WUFSTk23tetlvD0PiZt4HC6HrY3YLCrAXtBrCQsKAXQhDhbZtL/Ex6FJ/ca+ZVFxmyv7+/CE/L5kVeNqcuhlXHO2Fq/tl3M2MpCaUdKpCPOnFfERKZKyLDTrxe6Cc34L4sw5erFy5kcKuK7NUAAY9iqVWcGH5Si2ttNqa6tj+DfcZFQPQZxTTT1ppprimYrF4Z06koP6LaXStz7rGjgqnE4DkzJZ3w9Cl7U/BeRllE22dNG9BS5s1foTTMgomdjcJrxEpc9u63gd/kNS+Bh9G12t+I0oClEdURSiOp4H6Gs5DSiKURxROqJep4L6DdQhRHKbcWmtTR1I7YvU8IlxjG7lrh8oXSUtpJWLXEo0haky7GkypLDRb4i4ddCOXKxVDvKEugZ5tHmLNYhCli7FVyhxzHcGmHm0S2eN6SPVxpA0mcHxoIfGhFC6k3J3YgALCVthNsAAABQAAAALrNlf3k3wg13yiUxe5uRspy46k/i/kQYn/SkUMzdsJU6LdbSL+cy/zao2hOo/py0Y+zH9W+4zKvKSjHXKTUYri27I3eEoKnTjTWyMUr8Xvfec7jZaYKPOcRUdkPgAGWVwKXL2FulUS1r0ZdW5/viXQicFJOL1pqzXQPpzcJKSFRhMVh1UjKEtklbpT3NdTSfYY7F5Fq027R047pQTaa6ba49p6DjsK6c3F7NsXxjuK+rE14qM7SRp4DM6uDvGKTi+Oz70+TtMByTWpxknwasGibWqr7dfXrIdWhF7Yw/wC3C/fYswjbkNqHlJTfv039mn32MtY7Y0EsNDmR+K8BmWFhzX2S80yxHoLEc/wj+Zfbc2U1jtizeFp82fvxf5RLw1P667YvyJotcz/n3JVnWDfxf9ZbivsBP/lIcZ90X8zv8pT51T3I/wCYlUo/xD1muDf/ACdktxXnSesHT58vdXmKWAhz37v6i8LD+J7hfSmD/UXbuK4CyWTYc9+7+opZMhz37v6i8PDn7HuD0pg/1F27irAt1kqHPn7q8zqyTT58/cS/MJ5xT5+x7hPSuD/U7JbinAvI5Kpb5VH2RXzY7HJtH/mP7cF+VjXiYfUjec4NfE+p7jPHTRLJ9FfRm+ucf8qHFhaK/px7XN/Mb53HmfZvIpZ7hF8z+y3ma0WdjTk9STb4JGojGK2Qpr/pwfxaYtVGtmpcI6l8Brxb5I9v4K8/KGn8NN/dpd1zPUcl1ZWvFxjzppqPe9vZdl/h6UaUVFa7a7vU3J7dX72HHMVhqUqs404K8puy+bfQlrIKlSU163Ev5tMvF5lVxSUWlGO2y8X+Osvs18JpzdWS9GHow6Z219y8Ua0jYLDRpU4047Iq197e9vrZJObxFXhajlycnQZE5ancAACEaAAAAQso4NVY6vWjri/kZWtTabTVmtTW9M25U5Xydyic4L00ta5y8y1hq+h6XsFTMjUiRpxLCrAizibMJCEKcRmSJU0MyRZiwIskNMfmhqSJkCY22c0jshtj0O1DimLjMj3OqYOIuolRmORqESMxakNcRdRMUxSqERTFqZHoE1EpTFKZGVQOUG6RNRK5QOUI2mcdQTQJckuoJdQjOocdQcoD0SHUNvmzknkYcpUVqs1se2EOHW9/YVmauQm9HEV1q20oPfwnJeC7eBszGzDFJ3pQ+78N4s5W4kAABlEQAAAAAAAAAAABT5WyXp3nTVp7ZR3T/Uy1anZtNWadmnqaZ6CVuUslwrK/qz3S3Pokt5dw+K0erPYBhZxGJos8fgp0paM4tcHtjLqZXTibUJJq6GsiyQ1ND9RDM0WIjL2I8xuQ9NDUiZBcabDSOyG2yRBqFqQpTGrhpBYLj6mKUyPpApiaQ1ErlA5Qi6YaYmgXUSnUDlCMpEnBYOpWmqdKEpye6O5cW9iXSxGkld7B0eMNI2ObObLejWxUemFF7+Epr8vfwLDN/NeGHtUq2qVtq306b+qntfS+w0xhY3MlK9Oj93u3kuq2wAADGGAAAAAAAAAAAAAAAAAAAADVajGcXGaUovamjN5SzZeuVB338nN6/sy8+81IEtKtOk/Ve4Dy7F4adOWjUjKEuElbu4kKSPWK9CFSOjUjGceEkmihxuadGd3SlKk+Hrw7nr+JrUczpviqK3at4xw5jz+YzI0+MzSxEb6ChVX1JaMu6VvEpMTkuvT9elVj0unLR79hqUq9KfuyXWMaaK+Q0xyaGpFxJoacbC4lnO1DlFsBWkGkScNk2vV/3dKtUvvjSm499rFzg8zMXU9aMKS41Jq/dG7IalelT9+SX3HaWZ647h6EqklCnGU5vZGEXKT7Eb7J+YlKFnXnOq+bFclT8W33o0+DwNKjHRpU4U1v0YpN9b2vtMyvnFGK/wDmtT6lvJFHnMRkfMmc7TxMuSjt5OLvUfW9kfibfAYCnQhoUYKEd9vWk+Mntb6yWBiYjF1cQ/XfFzLZ/OkcAABWAAAAAAAAAAAAAAAAAAAAAAAAAAAAAAAAAAAAAos4Nj6jzzKnrdoAb+V+6gewj4H1u7xPQM29va/AAJcy9wSOw1AABzYoAACgAAAgAAAAAAAAAAAAAAAAH//Z	4	3
9	shortly	data:image/jpeg;base64,/9j/4AAQSkZJRgABAQAAAQABAAD/2wCEAAoHCBQREREREBQREBAREBAQEBAREBAQDhAQFxMYGBcXFxcaICwjGhwoHRcXJDUkKC0vMjIyGSI4PTgwPCwxMi8BCwsLDw4PGRERHDEoICgxMTExMTExMTExMTExMTExMTExMTExMTExMTExMTExMTExMTExMTExMTExMTExMTExMf/AABEIAOEA4QMBIgACEQEDEQH/xAAbAAABBQEBAAAAAAAAAAAAAAAAAgMEBQYBB//EAEcQAAIBAgEHCAYIAwUJAAAAAAABAgMRBAUGEiExQVETUmFxgZGx0SIycpKhwUJigqKywuHwBxRDFSMk0vEWMzRjg5Ojs+L/xAAbAQABBQEBAAAAAAAAAAAAAAAAAQIDBAUGB//EAD0RAAIBAgMCCQsDAwUBAAAAAAABAgMRBAUSMdETIUFRcZGhscEGFBUiJDJCUmGB4VNy8GKSsjM0Q6LSI//aAAwDAQACEQMRAD8A9mAAAAAAAAAAAAATKSSu3ZLa3qRV4rLEVqpLTfOeqC8x0YSlsQFq2RKuUYR36T4R1/HYUVXEzqevJtc3ZHuOwiTqgltYFlLKjfqxS6W7saeLm9smuqyI8EOxiO0xWxCWZ3Sk9spPrbFKIqKFIS4WExiLi2tja7TqQtIS4WCNaS+k+3WORxUt6T+DGrHdERpPkDjJUcTF7brr2Dyd9msr9EItx2Owx01yAWQEWnied3okRknrWtEbTQooAAQAAAAAAAAAAAAAAAAAAAAAIePx8KKvJ3k/VgvWl5LpIeWMsRo+hC0qrWz6MFxl5GYdSU5Oc25Sett7SxSoalqls7wJ+Kx06z9J2hupr1e3ixMEMwQ/EsuyVkCQ9BD0UNRHokbYth2KHENwHIjGxRcULSERHEMEFo6kJQoBDqQWOI6AHbHLHbgACXEIScda/RimjjQCEmlWUtWx8PIeK1ok0K9/Rlt3PiRyhyoLkkAAYKAAAAAAAAAAAABS5dyusPHQhZ1ZLVvUI85/JErK+UY4em5vXJ6oR50vJbWYGrWlUlKc3pSk7yb3ss4ejq9aWzvAeUnJuUm3Ju7b1tt72SKZFgSYMuSYqRKiPRI8WPwZCxw/Fj0CPFj0GMYWH4sdixiLFpjWLYfTFpjKYuMholh1MUhCZ1MQSwtHRKYpAJYDpwAA6dZwAASxMkOMSxUIP4evf0Zbdz4kkrJImYerpLXtW3p6SOcbcaBD4ABGAAAAACJySTbdkk229iS2sWZnPHKPJ0lRi/Tq65cVSXm9XUmPpwc5KKAz2WspPEVXP+nG8aceEePW9vctxCgxqCuyTGK6/gifHZjh8DGMZ3vyJcbtz8i7eMt4bCTr3cdi5WORY/GaW9d6GYvoj3I6pHP1PKdfBS65W7k+8vxytcsuz8kyNVL/AEb8BxYldPuteJAuduVJ+Uld+7Tiut+KJVltJbW+zcWP85H63dHzFLHx6e6PmVlwuQPygxj5I9T/APQ70fR5n1lqspx4PvR1ZVXN+8vIqLnLjHnuMfKv7R3mFDm7WXP9srmP3v0O/wBtrmfe/QpLnLiem8Z8y/tjuHeYUPl7XvL1ZdXMfvfod/2gjzPv/oZ9yG3IX0zjPmXUhyy7D/L2veaRZxw3wn70Razjpcyr91/MyspDcpD1nGL511DllmH+Xte82Czmo71VX2YP8wuOcmH3uouun5MxEpiJTJFnGK/p6vyL6Iw75H177m+WX8K/6qXXCqvyj8MrUHsrUu2aj+Kx5u5CHMnjnNbljF9a8WJLJKD2SkurcepxxNOXq1KcvZqQl4McZ5K6nULpY+rD1KlSHszkvBlinnPzU+p/gilkHy1OuP58D1ViIzcZJo86wudOJptXnysV9GotK/2vWXebnJuUIYmlGrT1J3UovbCa2xf71po08LjKeIuo7eZmZjMtrYWKlOzi+K68b2t3fUvYSTSa2MWQcFU1uD618ycSSjZ2M4AABoCZSsrvUlrb3JHl2V8c69epV3OVodFNao/DX1tm5zrxfJYWdnaVS1KP2vW+6pHm7Zo4KFoub6N4Eqg7Rm/Zj33f5RyMiMpWp9dS3dH/AOjkahxvlA9eOl9FFdl+9nVZZT9li+e/e0TlMUpESNQWpmE4lxwJWkFyOpndMTSN0j+kFxjTOxld2W0TSJpHtIcp0m+jxJGDwm9lvQoJbi5RwFSpx7EVauIjDiRU0sC3ub6yRHJkuCXYXlND8UaUMnh8VyhPGT5DPvI8nuXcMVciy4dxq1ENEm9D0uS/WMWOqowOKybUhr0W18SrnK2p6nst0nqEqae1FPlbIVOsn9Ce6aXit6IKmWSj7ruX8Pmkb2qr7rcYOVQblUDKWHnh5uFRWa1p7YyjxT3ogTrlPgmjoIQUknHYS5VRuVYhSrjMsQSqkWI0CdKsNSrkGVZjbkyVUieNFEuWINx/DjFuUcTTe6UKiXWnGXhE87Np/DWdq1dcaDfdUgXcElGvEz85pJ4GrbmT6mmeh6Vmmtqdy1hPSSa2NXKiZOyfO8XHmv4P9s36seK5540TAACAaYjPzE3qUqK2RhKpJdMnZfhfeZK5bZ019PGVnui4019mKT+NyoTNujHTSivp38YqF152px6Z1H92AzGocxsrQp/bfxS+RGjM4XN43xtV/VdyO4y2n7HT6PFk6NQcVQgRqDkahlOBadMmqod5QiKZ3TG6BnBkrlCywVO2t7fAqsJrlfcvEtadQ0svwXCS1PYUcZU4NWLehMmwqFPSqE2nM6eGGUUYFSq2WkJj8ZldTmSITJODSK7ZNjIcTI0JD0GN0DGxZySOnGxrgCZS5wZJjiaTg9U9bpztrjPyexryR5Fi4SpzlTkmpRk4uL3NPWe5VDzrP/JqUo4iK9Z6FT2kvRfcmuxGdi8Okta+502RYxxnwEtj2fR/nv6TFtnAAzjrgADthQOGr/h5K2LkudSmvwv5GV0TSZhu2Nh006q+438izhoSVWL+qKOZrVg6y/pfceoSF4CdqlucmvmNSYiEtGcHwkvE6JxvFo82aL8AApER5JlOelXry51arLvmyKPVdbb4tvvYy0dFayHoj5Sfo0uqX4n5EJSJWVHqpey/xyIOkcHma9sq9Pgjv8sj7HS6B6MxamR0zukZ+kuOJJVQ7pkTlRLrCaA4O5fYN2hfi2yXSmQsP6kfZQ/GR12W0FGkjlszn67LKlMmUqhU05kunUNR0zGLinMkwmVVKoS6dQjcBLFnCZIhMrYVB+NQicBrRO0zjmRlUFaYzQNsPORQ5zYblcNVjv0HKPXH0vkW+mRMZri1xVhsqSknHnLuGk4TjJcjTPGtA6oj9SFpPok18TiiZdPA856K5Daid0RzRO6JcjghNQ3ol9mXqxtP2aq/8UimsXeZ6tjKfVU/9ciaOFs7lPHO+Fq/tl/iz0mTGZsXJjU2W4o86RdfznV3gUnKgRebobwaMXUhZtcG0NyiT8dS0atWPNq1F3TaIrgaw1FRld25P2H+Jla6hPzh1cl7P52UzZw+ZR9rq9Pgj0XKo3wdL9qJDqiHVGQKelGlpQt1BOkzgDrDrGpwMr04P6q8CY42KzItW8Irg7fvssX04ajr8DZ0os4zNaLVRkOLJFOZGkhUJGnouYdiypTJdOoVVOoS6dQjlTFLSFQfhMrqdQfhMglTDSTozFqZEjUFqYxwG2JKmRMZUtFi+UKjLWJ0aU3v0Wl1vUhYU7svYSk5SSMHVV5N8W38TiiOMLFyOFSO4bEaIaIux2xLwCEuN2LjNX/i6fVL8EiqLbNhf4qn1S/BIZUo2g2VsY/Z6v7Zf4s9AlIanIVJjNSRRjE4BC9B/u4Fx/I9C+IEPDobriZLL1DRxNZcZafvJPxbK/kzS514e1WnU58HF9cX5SXcUKgXaE9VKL+n4I0ZjOaNuS9l/iKE0mdsbcl9rxXmZs5HMv8Ad1OldyPRsmd8DS6PFgAHbFJJvYaZwBSiKUSWNGUhLkzJFfQnZ7H4mxpz0oowsUaTJGO0lovatp0OV3jHg39jJzLDqpHUTa0BgmtpkecDfg7nNVMG+QRCViTTqEQVGVh7iiu6ElyFpCoPwmVlOqSI1CKUA4CXMWMagtVCDGoEsSkQuBNDCNkydayMxl3F6TUE+mXyJWOyhop8d3WUFSTk23tetlvD0PiZt4HC6HrY3YLCrAXtBrCQsKAXQhDhbZtL/Ex6FJ/ca+ZVFxmyv7+/CE/L5kVeNqcuhlXHO2Fq/tl3M2MpCaUdKpCPOnFfERKZKyLDTrxe6Cc34L4sw5erFy5kcKuK7NUAAY9iqVWcGH5Si2ttNqa6tj+DfcZFQPQZxTTT1ppprimYrF4Z06koP6LaXStz7rGjgqnE4DkzJZ3w9Cl7U/BeRllE22dNG9BS5s1foTTMgomdjcJrxEpc9u63gd/kNS+Bh9G12t+I0oClEdURSiOp4H6Gs5DSiKURxROqJep4L6DdQhRHKbcWmtTR1I7YvU8IlxjG7lrh8oXSUtpJWLXEo0haky7GkypLDRb4i4ddCOXKxVDvKEugZ5tHmLNYhCli7FVyhxzHcGmHm0S2eN6SPVxpA0mcHxoIfGhFC6k3J3YgALCVthNsAAABQAAAALrNlf3k3wg13yiUxe5uRspy46k/i/kQYn/SkUMzdsJU6LdbSL+cy/zao2hOo/py0Y+zH9W+4zKvKSjHXKTUYri27I3eEoKnTjTWyMUr8Xvfec7jZaYKPOcRUdkPgAGWVwKXL2FulUS1r0ZdW5/viXQicFJOL1pqzXQPpzcJKSFRhMVh1UjKEtklbpT3NdTSfYY7F5Fq027R047pQTaa6ba49p6DjsK6c3F7NsXxjuK+rE14qM7SRp4DM6uDvGKTi+Oz70+TtMByTWpxknwasGibWqr7dfXrIdWhF7Yw/wC3C/fYswjbkNqHlJTfv039mn32MtY7Y0EsNDmR+K8BmWFhzX2S80yxHoLEc/wj+Zfbc2U1jtizeFp82fvxf5RLw1P667YvyJotcz/n3JVnWDfxf9ZbivsBP/lIcZ90X8zv8pT51T3I/wCYlUo/xD1muDf/ACdktxXnSesHT58vdXmKWAhz37v6i8LD+J7hfSmD/UXbuK4CyWTYc9+7+opZMhz37v6i8PDn7HuD0pg/1F27irAt1kqHPn7q8zqyTT58/cS/MJ5xT5+x7hPSuD/U7JbinAvI5Kpb5VH2RXzY7HJtH/mP7cF+VjXiYfUjec4NfE+p7jPHTRLJ9FfRm+ucf8qHFhaK/px7XN/Mb53HmfZvIpZ7hF8z+y3ma0WdjTk9STb4JGojGK2Qpr/pwfxaYtVGtmpcI6l8Brxb5I9v4K8/KGn8NN/dpd1zPUcl1ZWvFxjzppqPe9vZdl/h6UaUVFa7a7vU3J7dX72HHMVhqUqs404K8puy+bfQlrIKlSU163Ev5tMvF5lVxSUWlGO2y8X+Osvs18JpzdWS9GHow6Z219y8Ua0jYLDRpU4047Iq197e9vrZJObxFXhajlycnQZE5ancAACEaAAAAQso4NVY6vWjri/kZWtTabTVmtTW9M25U5Xydyic4L00ta5y8y1hq+h6XsFTMjUiRpxLCrAizibMJCEKcRmSJU0MyRZiwIskNMfmhqSJkCY22c0jshtj0O1DimLjMj3OqYOIuolRmORqESMxakNcRdRMUxSqERTFqZHoE1EpTFKZGVQOUG6RNRK5QOUI2mcdQTQJckuoJdQjOocdQcoD0SHUNvmzknkYcpUVqs1se2EOHW9/YVmauQm9HEV1q20oPfwnJeC7eBszGzDFJ3pQ+78N4s5W4kAABlEQAAAAAAAAAAABT5WyXp3nTVp7ZR3T/Uy1anZtNWadmnqaZ6CVuUslwrK/qz3S3Pokt5dw+K0erPYBhZxGJos8fgp0paM4tcHtjLqZXTibUJJq6GsiyQ1ND9RDM0WIjL2I8xuQ9NDUiZBcabDSOyG2yRBqFqQpTGrhpBYLj6mKUyPpApiaQ1ErlA5Qi6YaYmgXUSnUDlCMpEnBYOpWmqdKEpye6O5cW9iXSxGkld7B0eMNI2ObObLejWxUemFF7+Epr8vfwLDN/NeGHtUq2qVtq306b+qntfS+w0xhY3MlK9Oj93u3kuq2wAADGGAAAAAAAAAAAAAAAAAAAADVajGcXGaUovamjN5SzZeuVB338nN6/sy8+81IEtKtOk/Ve4Dy7F4adOWjUjKEuElbu4kKSPWK9CFSOjUjGceEkmihxuadGd3SlKk+Hrw7nr+JrUczpviqK3at4xw5jz+YzI0+MzSxEb6ChVX1JaMu6VvEpMTkuvT9elVj0unLR79hqUq9KfuyXWMaaK+Q0xyaGpFxJoacbC4lnO1DlFsBWkGkScNk2vV/3dKtUvvjSm499rFzg8zMXU9aMKS41Jq/dG7IalelT9+SX3HaWZ647h6EqklCnGU5vZGEXKT7Eb7J+YlKFnXnOq+bFclT8W33o0+DwNKjHRpU4U1v0YpN9b2vtMyvnFGK/wDmtT6lvJFHnMRkfMmc7TxMuSjt5OLvUfW9kfibfAYCnQhoUYKEd9vWk+Mntb6yWBiYjF1cQ/XfFzLZ/OkcAABWAAAAAAAAAAAAAAAAAAAAAAAAAAAAAAAAAAAAAos4Nj6jzzKnrdoAb+V+6gewj4H1u7xPQM29va/AAJcy9wSOw1AABzYoAACgAAAgAAAAAAAAAAAAAAAAH//Z	6	3
10	triggo store	data:image/jpeg;base64,/9j/4AAQSkZJRgABAQAAAQABAAD/2wCEAAoHCBQREREREBQREBAREBAQEBAREBAQDhAQFxMYGBcXFxcaICwjGhwoHRcXJDUkKC0vMjIyGSI4PTgwPCwxMi8BCwsLDw4PGRERHDEoICgxMTExMTExMTExMTExMTExMTExMTExMTExMTExMTExMTExMTExMTExMTExMTExMTExMf/AABEIAOEA4QMBIgACEQEDEQH/xAAbAAABBQEBAAAAAAAAAAAAAAAAAgMEBQYBB//EAEcQAAIBAgEHCAYIAwUJAAAAAAABAgMRBAUGEiExQVETUmFxgZGx0SIycpKhwUJigqKywuHwBxRDFSMk0vEWMzRjg5Ojs+L/xAAbAQABBQEBAAAAAAAAAAAAAAAAAQIDBAUGB//EAD0RAAIBAgMCCQsDAwUBAAAAAAABAgMRBAUSMdETIUFRcZGhscEGFBUiJDJCUmGB4VNy8GKSsjM0Q6LSI//aAAwDAQACEQMRAD8A9mAAAAAAAAAAAAATKSSu3ZLa3qRV4rLEVqpLTfOeqC8x0YSlsQFq2RKuUYR36T4R1/HYUVXEzqevJtc3ZHuOwiTqgltYFlLKjfqxS6W7saeLm9smuqyI8EOxiO0xWxCWZ3Sk9spPrbFKIqKFIS4WExiLi2tja7TqQtIS4WCNaS+k+3WORxUt6T+DGrHdERpPkDjJUcTF7brr2Dyd9msr9EItx2Owx01yAWQEWnied3okRknrWtEbTQooAAQAAAAAAAAAAAAAAAAAAAAAIePx8KKvJ3k/VgvWl5LpIeWMsRo+hC0qrWz6MFxl5GYdSU5Oc25Sett7SxSoalqls7wJ+Kx06z9J2hupr1e3ixMEMwQ/EsuyVkCQ9BD0UNRHokbYth2KHENwHIjGxRcULSERHEMEFo6kJQoBDqQWOI6AHbHLHbgACXEIScda/RimjjQCEmlWUtWx8PIeK1ok0K9/Rlt3PiRyhyoLkkAAYKAAAAAAAAAAAABS5dyusPHQhZ1ZLVvUI85/JErK+UY4em5vXJ6oR50vJbWYGrWlUlKc3pSk7yb3ss4ejq9aWzvAeUnJuUm3Ju7b1tt72SKZFgSYMuSYqRKiPRI8WPwZCxw/Fj0CPFj0GMYWH4sdixiLFpjWLYfTFpjKYuMholh1MUhCZ1MQSwtHRKYpAJYDpwAA6dZwAASxMkOMSxUIP4evf0Zbdz4kkrJImYerpLXtW3p6SOcbcaBD4ABGAAAAACJySTbdkk229iS2sWZnPHKPJ0lRi/Tq65cVSXm9XUmPpwc5KKAz2WspPEVXP+nG8aceEePW9vctxCgxqCuyTGK6/gifHZjh8DGMZ3vyJcbtz8i7eMt4bCTr3cdi5WORY/GaW9d6GYvoj3I6pHP1PKdfBS65W7k+8vxytcsuz8kyNVL/AEb8BxYldPuteJAuduVJ+Uld+7Tiut+KJVltJbW+zcWP85H63dHzFLHx6e6PmVlwuQPygxj5I9T/APQ70fR5n1lqspx4PvR1ZVXN+8vIqLnLjHnuMfKv7R3mFDm7WXP9srmP3v0O/wBtrmfe/QpLnLiem8Z8y/tjuHeYUPl7XvL1ZdXMfvfod/2gjzPv/oZ9yG3IX0zjPmXUhyy7D/L2veaRZxw3wn70Razjpcyr91/MyspDcpD1nGL511DllmH+Xte82Czmo71VX2YP8wuOcmH3uouun5MxEpiJTJFnGK/p6vyL6Iw75H177m+WX8K/6qXXCqvyj8MrUHsrUu2aj+Kx5u5CHMnjnNbljF9a8WJLJKD2SkurcepxxNOXq1KcvZqQl4McZ5K6nULpY+rD1KlSHszkvBlinnPzU+p/gilkHy1OuP58D1ViIzcZJo86wudOJptXnysV9GotK/2vWXebnJuUIYmlGrT1J3UovbCa2xf71po08LjKeIuo7eZmZjMtrYWKlOzi+K68b2t3fUvYSTSa2MWQcFU1uD618ycSSjZ2M4AABoCZSsrvUlrb3JHl2V8c69epV3OVodFNao/DX1tm5zrxfJYWdnaVS1KP2vW+6pHm7Zo4KFoub6N4Eqg7Rm/Zj33f5RyMiMpWp9dS3dH/AOjkahxvlA9eOl9FFdl+9nVZZT9li+e/e0TlMUpESNQWpmE4lxwJWkFyOpndMTSN0j+kFxjTOxld2W0TSJpHtIcp0m+jxJGDwm9lvQoJbi5RwFSpx7EVauIjDiRU0sC3ub6yRHJkuCXYXlND8UaUMnh8VyhPGT5DPvI8nuXcMVciy4dxq1ENEm9D0uS/WMWOqowOKybUhr0W18SrnK2p6nst0nqEqae1FPlbIVOsn9Ce6aXit6IKmWSj7ruX8Pmkb2qr7rcYOVQblUDKWHnh5uFRWa1p7YyjxT3ogTrlPgmjoIQUknHYS5VRuVYhSrjMsQSqkWI0CdKsNSrkGVZjbkyVUieNFEuWINx/DjFuUcTTe6UKiXWnGXhE87Np/DWdq1dcaDfdUgXcElGvEz85pJ4GrbmT6mmeh6Vmmtqdy1hPSSa2NXKiZOyfO8XHmv4P9s36seK5540TAACAaYjPzE3qUqK2RhKpJdMnZfhfeZK5bZ019PGVnui4019mKT+NyoTNujHTSivp38YqF152px6Z1H92AzGocxsrQp/bfxS+RGjM4XN43xtV/VdyO4y2n7HT6PFk6NQcVQgRqDkahlOBadMmqod5QiKZ3TG6BnBkrlCywVO2t7fAqsJrlfcvEtadQ0svwXCS1PYUcZU4NWLehMmwqFPSqE2nM6eGGUUYFSq2WkJj8ZldTmSITJODSK7ZNjIcTI0JD0GN0DGxZySOnGxrgCZS5wZJjiaTg9U9bpztrjPyexryR5Fi4SpzlTkmpRk4uL3NPWe5VDzrP/JqUo4iK9Z6FT2kvRfcmuxGdi8Okta+502RYxxnwEtj2fR/nv6TFtnAAzjrgADthQOGr/h5K2LkudSmvwv5GV0TSZhu2Nh006q+438izhoSVWL+qKOZrVg6y/pfceoSF4CdqlucmvmNSYiEtGcHwkvE6JxvFo82aL8AApER5JlOelXry51arLvmyKPVdbb4tvvYy0dFayHoj5Sfo0uqX4n5EJSJWVHqpey/xyIOkcHma9sq9Pgjv8sj7HS6B6MxamR0zukZ+kuOJJVQ7pkTlRLrCaA4O5fYN2hfi2yXSmQsP6kfZQ/GR12W0FGkjlszn67LKlMmUqhU05kunUNR0zGLinMkwmVVKoS6dQjcBLFnCZIhMrYVB+NQicBrRO0zjmRlUFaYzQNsPORQ5zYblcNVjv0HKPXH0vkW+mRMZri1xVhsqSknHnLuGk4TjJcjTPGtA6oj9SFpPok18TiiZdPA856K5Daid0RzRO6JcjghNQ3ol9mXqxtP2aq/8UimsXeZ6tjKfVU/9ciaOFs7lPHO+Fq/tl/iz0mTGZsXJjU2W4o86RdfznV3gUnKgRebobwaMXUhZtcG0NyiT8dS0atWPNq1F3TaIrgaw1FRld25P2H+Jla6hPzh1cl7P52UzZw+ZR9rq9Pgj0XKo3wdL9qJDqiHVGQKelGlpQt1BOkzgDrDrGpwMr04P6q8CY42KzItW8Irg7fvssX04ajr8DZ0os4zNaLVRkOLJFOZGkhUJGnouYdiypTJdOoVVOoS6dQjlTFLSFQfhMrqdQfhMglTDSTozFqZEjUFqYxwG2JKmRMZUtFi+UKjLWJ0aU3v0Wl1vUhYU7svYSk5SSMHVV5N8W38TiiOMLFyOFSO4bEaIaIux2xLwCEuN2LjNX/i6fVL8EiqLbNhf4qn1S/BIZUo2g2VsY/Z6v7Zf4s9AlIanIVJjNSRRjE4BC9B/u4Fx/I9C+IEPDobriZLL1DRxNZcZafvJPxbK/kzS514e1WnU58HF9cX5SXcUKgXaE9VKL+n4I0ZjOaNuS9l/iKE0mdsbcl9rxXmZs5HMv8Ad1OldyPRsmd8DS6PFgAHbFJJvYaZwBSiKUSWNGUhLkzJFfQnZ7H4mxpz0oowsUaTJGO0lovatp0OV3jHg39jJzLDqpHUTa0BgmtpkecDfg7nNVMG+QRCViTTqEQVGVh7iiu6ElyFpCoPwmVlOqSI1CKUA4CXMWMagtVCDGoEsSkQuBNDCNkydayMxl3F6TUE+mXyJWOyhop8d3WUFSTk23tetlvD0PiZt4HC6HrY3YLCrAXtBrCQsKAXQhDhbZtL/Ex6FJ/ca+ZVFxmyv7+/CE/L5kVeNqcuhlXHO2Fq/tl3M2MpCaUdKpCPOnFfERKZKyLDTrxe6Cc34L4sw5erFy5kcKuK7NUAAY9iqVWcGH5Si2ttNqa6tj+DfcZFQPQZxTTT1ppprimYrF4Z06koP6LaXStz7rGjgqnE4DkzJZ3w9Cl7U/BeRllE22dNG9BS5s1foTTMgomdjcJrxEpc9u63gd/kNS+Bh9G12t+I0oClEdURSiOp4H6Gs5DSiKURxROqJep4L6DdQhRHKbcWmtTR1I7YvU8IlxjG7lrh8oXSUtpJWLXEo0haky7GkypLDRb4i4ddCOXKxVDvKEugZ5tHmLNYhCli7FVyhxzHcGmHm0S2eN6SPVxpA0mcHxoIfGhFC6k3J3YgALCVthNsAAABQAAAALrNlf3k3wg13yiUxe5uRspy46k/i/kQYn/SkUMzdsJU6LdbSL+cy/zao2hOo/py0Y+zH9W+4zKvKSjHXKTUYri27I3eEoKnTjTWyMUr8Xvfec7jZaYKPOcRUdkPgAGWVwKXL2FulUS1r0ZdW5/viXQicFJOL1pqzXQPpzcJKSFRhMVh1UjKEtklbpT3NdTSfYY7F5Fq027R047pQTaa6ba49p6DjsK6c3F7NsXxjuK+rE14qM7SRp4DM6uDvGKTi+Oz70+TtMByTWpxknwasGibWqr7dfXrIdWhF7Yw/wC3C/fYswjbkNqHlJTfv039mn32MtY7Y0EsNDmR+K8BmWFhzX2S80yxHoLEc/wj+Zfbc2U1jtizeFp82fvxf5RLw1P667YvyJotcz/n3JVnWDfxf9ZbivsBP/lIcZ90X8zv8pT51T3I/wCYlUo/xD1muDf/ACdktxXnSesHT58vdXmKWAhz37v6i8LD+J7hfSmD/UXbuK4CyWTYc9+7+opZMhz37v6i8PDn7HuD0pg/1F27irAt1kqHPn7q8zqyTT58/cS/MJ5xT5+x7hPSuD/U7JbinAvI5Kpb5VH2RXzY7HJtH/mP7cF+VjXiYfUjec4NfE+p7jPHTRLJ9FfRm+ucf8qHFhaK/px7XN/Mb53HmfZvIpZ7hF8z+y3ma0WdjTk9STb4JGojGK2Qpr/pwfxaYtVGtmpcI6l8Brxb5I9v4K8/KGn8NN/dpd1zPUcl1ZWvFxjzppqPe9vZdl/h6UaUVFa7a7vU3J7dX72HHMVhqUqs404K8puy+bfQlrIKlSU163Ev5tMvF5lVxSUWlGO2y8X+Osvs18JpzdWS9GHow6Z219y8Ua0jYLDRpU4047Iq197e9vrZJObxFXhajlycnQZE5ancAACEaAAAAQso4NVY6vWjri/kZWtTabTVmtTW9M25U5Xydyic4L00ta5y8y1hq+h6XsFTMjUiRpxLCrAizibMJCEKcRmSJU0MyRZiwIskNMfmhqSJkCY22c0jshtj0O1DimLjMj3OqYOIuolRmORqESMxakNcRdRMUxSqERTFqZHoE1EpTFKZGVQOUG6RNRK5QOUI2mcdQTQJckuoJdQjOocdQcoD0SHUNvmzknkYcpUVqs1se2EOHW9/YVmauQm9HEV1q20oPfwnJeC7eBszGzDFJ3pQ+78N4s5W4kAABlEQAAAAAAAAAAABT5WyXp3nTVp7ZR3T/Uy1anZtNWadmnqaZ6CVuUslwrK/qz3S3Pokt5dw+K0erPYBhZxGJos8fgp0paM4tcHtjLqZXTibUJJq6GsiyQ1ND9RDM0WIjL2I8xuQ9NDUiZBcabDSOyG2yRBqFqQpTGrhpBYLj6mKUyPpApiaQ1ErlA5Qi6YaYmgXUSnUDlCMpEnBYOpWmqdKEpye6O5cW9iXSxGkld7B0eMNI2ObObLejWxUemFF7+Epr8vfwLDN/NeGHtUq2qVtq306b+qntfS+w0xhY3MlK9Oj93u3kuq2wAADGGAAAAAAAAAAAAAAAAAAAADVajGcXGaUovamjN5SzZeuVB338nN6/sy8+81IEtKtOk/Ve4Dy7F4adOWjUjKEuElbu4kKSPWK9CFSOjUjGceEkmihxuadGd3SlKk+Hrw7nr+JrUczpviqK3at4xw5jz+YzI0+MzSxEb6ChVX1JaMu6VvEpMTkuvT9elVj0unLR79hqUq9KfuyXWMaaK+Q0xyaGpFxJoacbC4lnO1DlFsBWkGkScNk2vV/3dKtUvvjSm499rFzg8zMXU9aMKS41Jq/dG7IalelT9+SX3HaWZ647h6EqklCnGU5vZGEXKT7Eb7J+YlKFnXnOq+bFclT8W33o0+DwNKjHRpU4U1v0YpN9b2vtMyvnFGK/wDmtT6lvJFHnMRkfMmc7TxMuSjt5OLvUfW9kfibfAYCnQhoUYKEd9vWk+Mntb6yWBiYjF1cQ/XfFzLZ/OkcAABWAAAAAAAAAAAAAAAAAAAAAAAAAAAAAAAAAAAAAos4Nj6jzzKnrdoAb+V+6gewj4H1u7xPQM29va/AAJcy9wSOw1AABzYoAACgAAAgAAAAAAAAAAAAAAAAH//Z	4	3
\.


--
-- Data for Name: users; Type: TABLE DATA; Schema: public; Owner: postgres
--

COPY public.users (id, email, password, "createdAt") FROM stdin;
1	cr7@gmail.com	$2b$10$q34qMFw2Dc1LuPDoK.cqleU1AlFAIkPyhc1MvUCRZemIIqJaxN.4u	2022-09-15 15:23:56.545
\.


--
-- Name: categories_id_seq; Type: SEQUENCE SET; Schema: public; Owner: postgres
--

SELECT pg_catalog.setval('public.categories_id_seq', 6, true);


--
-- Name: disciplines_id_seq; Type: SEQUENCE SET; Schema: public; Owner: postgres
--

SELECT pg_catalog.setval('public.disciplines_id_seq', 12, true);


--
-- Name: teachersDisciplines_id_seq; Type: SEQUENCE SET; Schema: public; Owner: postgres
--

SELECT pg_catalog.setval('public."teachersDisciplines_id_seq"', 6, true);


--
-- Name: teachers_id_seq; Type: SEQUENCE SET; Schema: public; Owner: postgres
--

SELECT pg_catalog.setval('public.teachers_id_seq', 4, true);


--
-- Name: terms_id_seq; Type: SEQUENCE SET; Schema: public; Owner: postgres
--

SELECT pg_catalog.setval('public.terms_id_seq', 14, true);


--
-- Name: tests_id_seq; Type: SEQUENCE SET; Schema: public; Owner: postgres
--

SELECT pg_catalog.setval('public.tests_id_seq', 10, true);


--
-- Name: users_id_seq; Type: SEQUENCE SET; Schema: public; Owner: postgres
--

SELECT pg_catalog.setval('public.users_id_seq', 1, true);


--
-- Name: _prisma_migrations _prisma_migrations_pkey; Type: CONSTRAINT; Schema: public; Owner: postgres
--

ALTER TABLE ONLY public._prisma_migrations
    ADD CONSTRAINT _prisma_migrations_pkey PRIMARY KEY (id);


--
-- Name: categories categories_pkey; Type: CONSTRAINT; Schema: public; Owner: postgres
--

ALTER TABLE ONLY public.categories
    ADD CONSTRAINT categories_pkey PRIMARY KEY (id);


--
-- Name: disciplines disciplines_pkey; Type: CONSTRAINT; Schema: public; Owner: postgres
--

ALTER TABLE ONLY public.disciplines
    ADD CONSTRAINT disciplines_pkey PRIMARY KEY (id);


--
-- Name: teachersDisciplines teachersDisciplines_pkey; Type: CONSTRAINT; Schema: public; Owner: postgres
--

ALTER TABLE ONLY public."teachersDisciplines"
    ADD CONSTRAINT "teachersDisciplines_pkey" PRIMARY KEY (id);


--
-- Name: teachers teachers_pkey; Type: CONSTRAINT; Schema: public; Owner: postgres
--

ALTER TABLE ONLY public.teachers
    ADD CONSTRAINT teachers_pkey PRIMARY KEY (id);


--
-- Name: terms terms_pkey; Type: CONSTRAINT; Schema: public; Owner: postgres
--

ALTER TABLE ONLY public.terms
    ADD CONSTRAINT terms_pkey PRIMARY KEY (id);


--
-- Name: tests tests_pkey; Type: CONSTRAINT; Schema: public; Owner: postgres
--

ALTER TABLE ONLY public.tests
    ADD CONSTRAINT tests_pkey PRIMARY KEY (id);


--
-- Name: users users_pkey; Type: CONSTRAINT; Schema: public; Owner: postgres
--

ALTER TABLE ONLY public.users
    ADD CONSTRAINT users_pkey PRIMARY KEY (id);


--
-- Name: categories_name_key; Type: INDEX; Schema: public; Owner: postgres
--

CREATE UNIQUE INDEX categories_name_key ON public.categories USING btree (name);


--
-- Name: disciplines_name_key; Type: INDEX; Schema: public; Owner: postgres
--

CREATE UNIQUE INDEX disciplines_name_key ON public.disciplines USING btree (name);


--
-- Name: teachers_name_key; Type: INDEX; Schema: public; Owner: postgres
--

CREATE UNIQUE INDEX teachers_name_key ON public.teachers USING btree (name);


--
-- Name: terms_number_key; Type: INDEX; Schema: public; Owner: postgres
--

CREATE UNIQUE INDEX terms_number_key ON public.terms USING btree (number);


--
-- Name: tests_name_key; Type: INDEX; Schema: public; Owner: postgres
--

CREATE UNIQUE INDEX tests_name_key ON public.tests USING btree (name);


--
-- Name: users_email_key; Type: INDEX; Schema: public; Owner: postgres
--

CREATE UNIQUE INDEX users_email_key ON public.users USING btree (email);


--
-- Name: disciplines disciplines_termId_fkey; Type: FK CONSTRAINT; Schema: public; Owner: postgres
--

ALTER TABLE ONLY public.disciplines
    ADD CONSTRAINT "disciplines_termId_fkey" FOREIGN KEY ("termId") REFERENCES public.terms(id) ON UPDATE CASCADE ON DELETE RESTRICT;


--
-- Name: teachersDisciplines teachersDisciplines_disciplineId_fkey; Type: FK CONSTRAINT; Schema: public; Owner: postgres
--

ALTER TABLE ONLY public."teachersDisciplines"
    ADD CONSTRAINT "teachersDisciplines_disciplineId_fkey" FOREIGN KEY ("disciplineId") REFERENCES public.disciplines(id) ON UPDATE CASCADE ON DELETE RESTRICT;


--
-- Name: teachersDisciplines teachersDisciplines_teacherId_fkey; Type: FK CONSTRAINT; Schema: public; Owner: postgres
--

ALTER TABLE ONLY public."teachersDisciplines"
    ADD CONSTRAINT "teachersDisciplines_teacherId_fkey" FOREIGN KEY ("teacherId") REFERENCES public.teachers(id) ON UPDATE CASCADE ON DELETE RESTRICT;


--
-- Name: tests tests_categoryId_fkey; Type: FK CONSTRAINT; Schema: public; Owner: postgres
--

ALTER TABLE ONLY public.tests
    ADD CONSTRAINT "tests_categoryId_fkey" FOREIGN KEY ("categoryId") REFERENCES public.categories(id) ON UPDATE CASCADE ON DELETE RESTRICT;


--
-- Name: tests tests_teacherDisciplineId_fkey; Type: FK CONSTRAINT; Schema: public; Owner: postgres
--

ALTER TABLE ONLY public.tests
    ADD CONSTRAINT "tests_teacherDisciplineId_fkey" FOREIGN KEY ("teacherDisciplineId") REFERENCES public."teachersDisciplines"(id) ON UPDATE CASCADE ON DELETE RESTRICT;


--
-- PostgreSQL database dump complete
--

